id,name,full_name,aliases,release_year,category_code,category,anatomy_primary,anatomy_target,modality_type,dimension,temporal,representation,scale,annotation_types,tasks,split_summary,access_level,license,paper_title,paper_venue,paper_doi,data_repository,data_url,data_doi,data_version,family_type,family_parent,family_related,verification_status,verification_date,notes
0001,UDIAT / Dataset B,Breast Ultrasound Dataset B,Dataset B,2017,00,Breast,Breast,Breast lesion,B-mode,2D,static,image,patient=163 | image=163,classification | segmentation,classification | segmentation,,application,Research-use licence agreement,Automated Breast Ultrasound Lesions Detection Using Convolutional Neural Networks,IEEE Journal of Biomedical and Health Informatics,10.1109/JBHI.2017.2731873,Manchester Metropolitan University,https://helward.mmu.ac.uk/STAFF/m.yap/dataset.php,,,primary,,,verified,2026-09-02,Images are from different women and may contain one or more lesions. The paper reports lesion delineations by experienced radiologists. The dataset is available through an application-based research-use workflow.
0002,OASBUD,Open Access Series of Breast Ultrasonic Data,,2017,00,Breast,Breast,Breast focal lesion,RF,2D,static,RF,patient=78 | lesion=100 | acquisition=200,classification | grading | segmentation,classification | segmentation | grading | signal_analysis,,open,CC BY-NC 4.0,Open access database of raw ultrasonic signals acquired from malignant and benign breast lesions,Medical Physics,10.1002/mp.12538,Zenodo,https://zenodo.org/records/545928,10.5281/zenodo.545928,v1,primary,,,verified,2026-09-02,Each lesion has two orthogonal RF acquisitions with paired binary ROI masks. B-mode images are not stored directly but can be generated from the RF echoes. Malignant lesions were histologically assessed by core-needle biopsy; some benign lesions were histologically assessed and the remainder were followed for two years. The two acquisitions from the same lesion should remain together when creating data splits.
0003,Medical Image Database,Medical Image Database,MID,2018,00,Breast,Breast,Breast lesion,B-mode,2D,static,image,patient=180 | image=195,classification | segmentation,segmentation | classification,,open,,Automatic initialization of active contours and level set method in ultrasound images of breast abnormalities,Pattern Recognition,10.1016/j.patcog.2018.01.032,Online Medical Images,https://www.onlinemedicalimages.com/index.php/en/site-map,,,primary,,,verified,2026-09-03,"The associated paper evaluates 180 images from 180 patients and uses 15 additional database images for parameter tuning. The live website contains additional ultrasound, Doppler, elastography, and ground-truth entries, but its catalog includes repeated or incompletely described records; therefore, the structured scale above follows the clearly defined paper cohort. The website delivers ground truth primarily as contour-overlaid images rather than a clearly documented bulk archive of binary masks."
0004,STU-Hospital,STU-Hospital,,2019,00,Breast,Breast,Breast lesion,B-mode,2D,static,image,image=42 | pair=42,segmentation,segmentation,,open,,An RDAU-NET model for lesion segmentation in breast ultrasound images,PLOS ONE,10.1371/journal.pone.0221535,GitHub,https://github.com/xbhlk/STU-Hospital,,,primary,,,verified,2026-09-03,"STU-Hospital is the public repository name rather than a formal dataset name defined in the paper. The 42 images constitute an external test subset of the paper's larger test cohort. The released masks are grayscale expert-aggregation masks rather than consistently binary masks, and many mask dimensions differ from the released 128 x 128 ultrasound images. The repository does not provide patient-level metadata, per-image benign/malignant labels, a formal dataset license, or official preprocessing instructions."
0005,BUSI,Dataset of Breast Ultrasound Images,Breast Ultrasound Images Dataset,2020,00,Breast,Breast,Breast lesion,B-mode,2D,static,image,patient=600 | image=780,classification | segmentation,classification | segmentation,,open,,Dataset of breast ultrasound images,Data in Brief,10.1016/j.dib.2019.104863,Cairo University,https://data.mendeley.com/datasets/k8t3gnx9h6/1,,,primary,,,verified,2026-09-02,"The dataset contains 780 images from 600 women. The widely used released-file distribution is 133 normal, 437 benign, and 210 malignant images. The original Data in Brief article contains an internal inconsistency in its class-count table, so the released-file distribution is used here. The Mendeley record 10.17632/k8t3gnx9h6.1 is a later supplementary resource about BUSI data issues and is not treated as the original BUSI dataset source."
0006,Breast lesion ultrasound video dataset,Breast lesion ultrasound video dataset,BUSV | BUV | BreastVid,2022,00,Breast,Breast,Breast lesion,B-mode,2D,cine,sequence,video=188 | frame=25272,classification | detection,detection | classification,,open,,A New Dataset and a Baseline Model for Breast Lesion Detection in Ultrasound Videos,Medical Image Computing and Computer-Assisted Intervention (MICCAI),10.1007/978-3-031-16437-8_59,GitHub,https://github.com/jhl-Det/CVA-Net,,,primary,,,verified,2026-09-03,"The original paper does not assign a formal dataset name; BUSV, BUV, and BreastVid are aliases used in later literature or catalogs. The repository distributes extracted PNG frames grouped by video rather than conventional encoded video files. A 2023 repository correction identifies one duplicated/wrongly labelled video and four same-patient videos requiring label correction; revised global totals were not explicitly reported, so the scale and class distribution above retain the paper-reported values with this caveat."
0007,Breast Ultrasound Image Database,Breast Ultrasound Image Database,QAMEBI,2022,00,Breast,Breast,Breast lesion,B-mode,2D,static,image,lesion=232 | image=232,classification | segmentation,classification | segmentation,,open,,An open-access breast lesion ultrasound image database: Applicable in artificial intelligence studies,Computers in Biology and Medicine,10.1016/j.compbiomed.2022.106438,QAMEBI,https://qamebi.com/breast-ultrasound-images-database/,,,primary,,,verified,2026-09-04,"The dataset contains 232 breast lesions, including 109 benign and 123 malignant lesions. Each lesion is represented by an original ultrasound image together with lesion-related annotation files on the official site. Patient-level identifiers, an official train/validation/test split, and a formal dataset license are not provided. The paper lists fine-needle aspiration, core-needle biopsy, and open biopsy among the reference methods; therefore, the broad label ""histopathologically proven"" should be interpreted with caution because fine-needle aspiration is cytologic sampling."
0008,BUS-BRA,BUS-BRA: A Breast Ultrasound Dataset for Assessing Computer-aided Diagnosis Systems,,2023,00,Breast,Breast,Breast tumor,B-mode,2D,static,image,patient=1064 | image=1875,classification | segmentation | detection | grading,classification | segmentation | detection | grading,,open,CC BY 4.0,BUS-BRA: A breast ultrasound dataset for assessing computer-aided diagnosis systems,Medical Physics,10.1002/mp.16812,Zenodo,https://zenodo.org/records/8231412,10.5281/zenodo.8231412,1.0,primary,,,verified,2026-09-04,"All images have corresponding lesion masks, and the released metadata also provide bounding boxes, pathology, histology, BI-RADS categories, and standardized 5-fold and 10-fold cross-validation partitions. Patient-level pathology counts are 722 benign and 342 malignant, whereas image-level counts are 1,268 benign and 607 malignant. One released bounding box does not exactly match its corresponding mask extent. The outer cross-validation folds keep images from the same patient together, while the separate inner-validation flags should be regenerated if fully patient-disjoint validation is required."
0009,BUSI_WHU,BUSI_WHU: Breast Cancer Ultrasound Image Dataset,,2023,00,Breast,Breast,Breast tumor,B-mode,2D,static,image,patient=816 | image=927,classification | segmentation | measurements,classification | segmentation | measurement,,open,CC BY 4.0,,,,Mendeley Data,https://data.mendeley.com/datasets/k6cpmwybk3/3,10.17632/k6cpmwybk3.3,3,primary,,,verified,2026-09-04,"Version 3 contains 927 image-mask pairs. The patient_index field identifies 816 patients; image-level class counts are 560 benign and 367 malignant, while patient-level counts are 560 benign and 256 malignant. The release provides patient-linked morphology and size measurements but does not document the annotation procedure, diagnostic reference standard, or an official train/validation/test split. No dedicated peer-reviewed dataset paper was identified, so the Mendeley Data DOI is recorded only under the data block and paper is set to null."
0010,TDSC-ABUS2023,"Tumor Detection, Segmentation and Classification Challenge on Automated 3D Breast Ultrasound 2023",,2023,00,Breast,Breast,Breast tumor,B-mode,3D,static,volume,case=200 | volume=200,classification | segmentation | detection,classification | segmentation | detection,case: training=100 | validation=30 | test=70,application,,"Tumor Detection, Segmentation and Classification Challenge on Automated 3D Breast Ultrasound: The TDSC-ABUS Challenge",arXiv,10.48550/arXiv.2501.15588,Grand Challenge,https://tdsc-abus2023.grand-challenge.org/Dataset/,,,primary,,,verified,2026-09-04,"The dataset contains 200 tumor-containing 3D ABUS cases. The official split is 100 training, 30 validation, and 70 test cases. The training data include NRRD volumes, voxel-level tumor masks, and benign/malignant labels. Access requires a signed agreement and organizer approval, so file-level verification was not performed."
0011,BUS_UC,BUS_UC Breast Ultrasound Dataset,,2023,00,Breast,Breast,Breast tumor,Ultrasound,2D,static,image,image=811 | pair=811,classification | segmentation,classification | segmentation,,open,CC BY 4.0,Memory-efficient transformer network with feature fusion for breast tumor segmentation and classification task,Engineering Applications of Artificial Intelligence,10.1016/j.engappai.2023.107292,Mendeley Data,https://data.mendeley.com/datasets/3ksd7w7jkx/1,10.17632/3ksd7w7jkx.1,1,primary,,,verified,2026-09-04,"The release contains 811 image-mask pairs, comprising 358 benign and 453 malignant images. The Mendeley page states that the source images were obtained from Ultrasound Cases and were subsequently annotated by an experienced radiologist. Patient identifiers, patient count, acquisition device, diagnostic reference standard, and an official split are not reported. One checked public mirror contains a one-pixel image-mask dimension mismatch for file 0319.png."
0012,BUS-UCLM,BUS-UCLM: Breast Ultrasound Lesion Segmentation Dataset,,2024,00,Breast,Breast,Breast lesion,B-mode | Color Doppler,2D,static,image,patient=38 | image=683 | pair=683,classification | segmentation,classification | segmentation,,open,CC BY 4.0,BUS-UCLM: Breast ultrasound lesion segmentation dataset,Scientific Data,10.1038/s41597-025-04562-3,Mendeley Data,https://data.mendeley.com/datasets/7fvgj4jsp7/3,10.17632/7fvgj4jsp7.3,3,primary,,,verified,2026-09-04,"The dataset contains 683 images from 38 patients: 419 normal, 174 benign, and 90 malignant. Some released images contain Doppler information; the public metadata identify 37 Doppler-marked records. Version 3 is licensed under CC BY 4.0, whereas version 1 used CC BY-NC 3.0. The public v3 PNG files have dimensions of 856 x 606, while the paper reports 768 x 1024; this discrepancy remains unresolved. Normal images have all-background masks."
0013,US3M,Multimodal Breast Ultrasound Dataset US3M,,2024,00,Breast,Breast,Breast tumor,B-mode | Color Doppler | Elastography,2D,static,image,patient=248 | image=1532,classification,classification,,open,CC BY-NC 4.0,TDF-Net: Trusted Dynamic Feature Fusion Network for breast cancer diagnosis using incomplete multimodal ultrasound,Information Fusion,10.1016/j.inffus.2024.102592,Kaggle,https://www.kaggle.com/datasets/timesxy/multimodal-breast-ultrasound-dataset-us3m,,1,primary,,,verified,2026-09-04,"All 248 released patient folders contain all three ultrasound modalities. Missing modalities in the TDF-Net study are simulated experimentally rather than intrinsically absent from the public dataset. The release contains no segmentation masks, clinical-variable table, or official train/validation/test split."
0014,ALN-Ultra,Early-stage Breast Cancer Ultrasound Dataset with Paired Images and Videos for Axillary Lymph Node Metastasis Prediction,,2025,00,Breast,Breast,Breast cancer,Ultrasound,,mixed,image | video,patient=257,classification,classification,,controlled,,,,,Zenodo,https://zenodo.org/records/18483501,10.5281/zenodo.18483501,v1,primary,,,partial,2026-09-04,"ALN-Ultra is described as paired ultrasound image/video data from 257 patients with early-stage breast cancer for axillary lymph node metastasis prediction. The current Zenodo replacement record is publicly visible, but its files are restricted. Exact image and video counts, file formats, detailed label schema, and official splits therefore cannot currently be verified. The original 2025 Zenodo record was 10.5281/zenodo.15003119. The current live replacement page does not display an explicit license value in its Rights section, so the license is recorded as null rather than inferred from earlier metadata."
0015,BUS-CoT,A Chain-of-thought Reasoning Breast Ultrasound Dataset Covering All Histopathology Categories,,2026,00,Breast,Breast,Breast lesion,B-mode | Doppler | Elastography,2D,static,image,patient=4838 | lesion=11850 | image=11439,classification | segmentation | grading | reasoning | reports,classification | segmentation | grading | reasoning | report_generation,,open,,A Chain-of-thought Reasoning Breast Ultrasound Dataset Covering All Histopathology Categories,Scientific Data,10.1038/s41597-026-06702-9,Figshare,https://doi.org/10.6084/m9.figshare.30838715,10.6084/m9.figshare.30838715,,aggregate,,,verified,2026-09-04,"BUS-CoT is an aggregate dataset constructed from peer-reviewed publications, existing public breast ultrasound datasets, and peer-reviewed online case repositories including Radiopaedia and Eurorad. It should therefore be counted as an aggregate resource rather than as a new primary acquisition family. BUS-Expert is the complete release, while BUS-Lesion is a curated subset. BUS-Lesion contains 5,163 images, including 2,694 benign and 2,469 malignant images, with 4,338 images in the released training split and 825 images in the released test split. The dataset paper reports five ultrasound device types. The Figshare resource is openly available, but the dataset-specific license was not independently verified here; the article license should not be assumed to be the dataset license."
0101,DDTI,Digital Database of Thyroid Images,,2015,01,Thyroid,Thyroid,Thyroid nodule,B-mode,2D,static,image,case=389 | image=637,segmentation | grading,segmentation | grading,,open,,An open access thyroid ultrasound image database,10th International Symposium on Medical Information Processing and Analysis,10.1117/12.2073532,CIM@LAB,https://cimalab.unal.edu.co/projects/detail/20/,,,primary,,,verified,2026-09-04,"The original paper uses several different counting conventions: it introduces 389 study cases, while the Results section reports 347 ultrasound images from 299 patients. A widely used processed segmentation release contains 637 images. The atlas therefore records the original case count and the processed image count separately rather than treating them as equivalent. The database also contains diagnostic metadata including Bethesda/pathology information, but these are not encoded here as a standardized classification task because the exact label mapping differs across public processed releases."
0102,TN-SCUI2020,Thyroid Nodule Segmentation and Classification in Ultrasound Images 2020,,2020,01,Thyroid,Thyroid,Thyroid nodule,B-mode,2D,static,image,image=4554,classification | segmentation,classification | segmentation,image: training=3644 | test=910,open,,,,,Grand Challenge,https://tn-scui2020.grand-challenge.org/,,,primary,,,verified,2026-09-04,"The dataset was released for the MICCAI 2020 TN-SCUI challenge. Each image is associated with a benign/malignant label and a detailed nodule delineation. The Zenodo DOI 10.5281/zenodo.3715942 identifies the accepted challenge design document rather than a peer-reviewed dataset paper or the image archive itself, so it is not entered under paper.doi or data.doi."
0103,KFGNet dataset,KFGNet Thyroid Ultrasound Video Dataset,,2022,01,Thyroid,Thyroid,Thyroid nodule,B-mode,2D,cine,video,video=3668 | frame=23219,detection | classification,detection | classification,,open,,Key-frame Guided Network for Thyroid Nodule Recognition Using Ultrasound Videos,Medical Image Computing and Computer Assisted Intervention (MICCAI),10.1007/978-3-031-16440-8_23,GitHub / Baidu Netdisk,https://github.com/NeuronXJTU/KFGNet,,,primary,,,verified,2026-09-04,"The full dataset contains 3,668 B-mode ultrasound videos. For key-frame localization, 23,219 frames were extracted to train a Faster R-CNN-based nodule detector, and the 3,668 videos were split into 2,648 training, 504 validation, and 516 test videos. The paper reports a separate 244-video benign/malignant classification subset from the localization test cohort because the full label distribution was highly imbalanced. The repository provides the ultrasound data through Baidu Netdisk and does not state a formal dataset license. Localization is represented by the frame-level bounding-box detection annotations rather than as a separate native task."
0104,TG3K,Thyroid Gland 3K,,2022,01,Thyroid,Thyroid,Thyroid gland,B-mode,2D,static,image,image=3585,segmentation,segmentation,,open,,Thyroid Region Prior Guided Attention for Ultrasound Segmentation of Thyroid Nodules,Computers in Biology and Medicine,10.1016/j.compbiomed.2022.106389,GitHub,https://github.com/haifangong/TRFE-Net-for-thyroid-nodule-segmentation,,,derived,0109,,verified,2026-09-04,"TG3K is not an independent clinical acquisition. Gong et al. constructed it by extracting 2D frames from the 16 tracked 3D thyroid ultrasound records introduced by Wunderling et al. (2017), retaining frames in which the thyroid gland occupies more than 6% of the image. The 2022 paper reports 3,585 retained images. Some secondary resources report 3,583 frames; the atlas uses the count stated in the primary 2022 paper. TG3K is derived from the Thyroid Segmentation in Ultrasonography Dataset / 3DThyroid, which is cataloged as atlas entry 0109."
0105,TN3K,Thyroid Nodule 3K,Thyroid Nodule Region Segmentation Dataset,2022,01,Thyroid,Thyroid,Thyroid nodule,B-mode,2D,static,image,patient=2421 | image=3493,segmentation,segmentation,image: training=2879 | test=614,open,,Thyroid Region Prior Guided Attention for Ultrasound Segmentation of Thyroid Nodules,Computers in Biology and Medicine,10.1016/j.compbiomed.2022.106389,GitHub,https://github.com/haifangong/TRFE-Net-for-thyroid-nodule-segmentation,,,primary,,,verified,2026-09-04,"TN3K contains 3,493 grayscale thyroid ultrasound images from 2,421 patients. Samples were selected from more than 30,000 candidate images and may contain one or multiple nodules. The public release is intended for thyroid-nodule segmentation; a benign/malignant classification label should not be assumed for TN3K merely because some project code or related repositories contain classification utilities."
0106,SegThy,SegThy Dataset,,2022,01,Thyroid,Thyroid,Thyroid gland,B-mode | MRI,3D,sweep,volume,participant=214,segmentation | measurements,segmentation | measurement,,open,CC BY,Tracked 3D Ultrasound and Deep Neural Network-Based Thyroid Segmentation Reduce Interobserver Variability in Thyroid Volumetry,PLOS ONE,10.1371/journal.pone.0268550,Technical University of Munich,https://www.cs.cit.tum.de/en/camp/publications/segthy-dataset/,,,primary,,,verified,2026-09-04,"SegThy contains two related cohorts totaling 214 participants. Sub-dataset 1 contains 28 healthy volunteers with tracked 3D ultrasound and MRI, whereas sub-dataset 2 contains 186 clinical thyroid patients with tracked 3D ultrasound. The associated PLOS ONE volumetry study focuses on the 28-volunteer cohort."
0107,Thyroid Ultrasound Cine-clip,Thyroid Ultrasound Cine-clip,TUSC | Stanford Thyroid Ultrasound Cine-clip,2022,01,Thyroid,Thyroid,Thyroid nodule,B-mode,2D,cine,video,patient=167 | lesion=192 | video=192 | frame=17412,classification | segmentation | grading,segmentation | classification | grading,,application,,Toward Reduction in False-Positive Thyroid Nodule Biopsies with a Deep Learning-Based Risk Stratification System Using US Cine-Clip Images,Radiology: Artificial Intelligence,10.1148/ryai.210174,Stanford Center for Artificial Intelligence in Medicine & Imaging,https://aimi.stanford.edu/datasets/thyroid-ultrasound-cine-clip,10.71718/7m5n-rh16,,primary,,,verified,2026-09-04,"The dataset contains 192 biopsy-confirmed thyroid nodules from 167 patients and 17,412 cine frames. In addition to radiologist-annotated nodule segmentations, it provides demographics, lesion size and location, ACR TI-RADS descriptors, and histopathological diagnoses. The associated paper was published in Radiology: Artificial Intelligence with DOI 10.1148/ryai.210174; the separate DOI 10.71718/7m5n-rh16 identifies the dataset resource."
0108,TN5000,TN5000: An Ultrasound Image Dataset for Thyroid Nodule Detection and Classification,,2025,01,Thyroid,Thyroid,Thyroid nodule,B-mode,2D,static,image,image=5000,classification | detection,detection | classification,image: training=3500 | validation=500 | test=1000,open,CC BY,TN5000: An Ultrasound Image Dataset for Thyroid Nodule Detection and Classification,Scientific Data,10.1038/s41597-025-05757-4,Springer Nature Figshare,https://springernature.figshare.com/articles/dataset/TN5000_An_Ultrasound_Image_Dataset_for_Thyroid_Nodule_Detection_and_Classification/28455641,10.6084/m9.figshare.28455641,,primary,,,verified,2026-09-04,"TN5000 contains 5,000 B-mode thyroid nodule images selected from more than 30,000 candidate images. Each image contains at least one discernible nodule and is distributed with PASCAL VOC-compatible bounding-box annotations and benign/malignant labels confirmed by FNA biopsy and pathological results. The official split is 3,500 training, 500 validation, and 1,000 test images."
0109,3DThyroid,Thyroid Segmentation in Ultrasonography Dataset,TSUD,2017,01,Thyroid,Thyroid,Thyroid gland,B-mode,3D,sweep,volume,volume=16,segmentation,segmentation,,open,,Comparison of thyroid segmentation techniques for 3D ultrasound,SPIE Medical Imaging,10.1117/12.2254234,OpenCAS,https://archive.iar.kit.edu/opencas/index.html?q=node%2F29,,,primary,,0104,verified,2026-09-07,This is the original public 3D thyroid ultrasound resource introduced by Wunderling et al. in 2017. It contains tracked 3D ultrasound records with expert thyroid-gland ground-truth segmentations. TG3K (0104) was subsequently derived from these recordings by extracting 2D frames and retaining frames in which the thyroid gland occupies more than 6% of the image area.
0201,HC18,Head Circumference 2018 Challenge Dataset,Fetal Head Circumference Dataset,2018,02,Obstetrics,Fetus,Fetal head,B-mode,2D,static,image,patient=551 | image=1334,segmentation | measurements,segmentation | measurement,image: training=999 | test=335,open,CC BY 4.0,Automated measurement of fetal head circumference using 2D ultrasound images,PLOS ONE,10.1371/journal.pone.0200412,Zenodo,https://zenodo.org/records/1327317,10.5281/zenodo.1327317,v2,primary,,,verified,2026-09-04,"HC18 contains 1,334 fetal-head standard-plane images from 551 pregnant women. The 999-image training set includes expert-fitted ellipse outlines, pixel spacing, and head-circumference measurements in millimetres. The 335-image test set includes images and pixel spacing, while ellipse and HC ground truth are retained by the challenge organizers. The stable Zenodo concept DOI is 10.5281/zenodo.1322000; this record uses the current v2 DOI 10.5281/zenodo.1327317."
0202,FETAL_PLANES_DB,FETAL_PLANES_DB: Common Maternal-Fetal Ultrasound Images,,2020,02,Obstetrics,Fetus and maternal cervix,Fetal abdomen | Fetal brain | Fetal femur | Fetal thorax | Maternal cervix,B-mode,2D,static,image,patient=1792 | study=2087 | image=12400,classification,standard_plane_classification,,open,CC BY 4.0,Evaluation of deep convolutional neural networks for automatic classification of common maternal fetal ultrasound planes,Scientific Reports,10.1038/s41598-020-67076-5,Zenodo,https://zenodo.org/records/3904280,10.5281/zenodo.3904280,1.0,primary,,,verified,2026-09-04,"The dataset contains 12,400 routinely acquired maternal-fetal ultrasound images from 1,792 patients and 2,087 studies. Six top-level labels are provided, together with three fine-grained fetal-brain plane labels. Patient ID, ultrasound-machine ID, operator ID, and the patient-level train/test split used in the paper are included."
0203,JNU-IFM,JNU-IFM Dataset for Segmenting Pubic Symphysis-Fetal Head,,2022,02,Obstetrics,Maternal pelvis and fetus,Pubic symphysis | Fetal head,B-mode,2D,cine,sequence,patient=51 | video=78 | frame=6224,classification | segmentation,classification | segmentation,,open,CC BY 4.0,The JNU-IFM dataset for segmenting pubic symphysis-fetal head,Data in Brief,10.1016/j.dib.2022.107904,Figshare,https://figshare.com/articles/dataset/JNU-IFM/14371652,10.6084/m9.figshare.14371652,2,primary,,,verified,2026-09-04,"JNU-IFM contains 6,224 selected frames extracted from 78 intrapartum transperineal ultrasound videos from 51 pregnant women. The released data are organized as image sequences with per-frame segmentation masks and four frame-level visibility labels. Although angle-of-progression estimation is a natural downstream use, an explicit AoP ground-truth measurement is not treated here as a native annotation task."
0204,African Fetal Standard Plane Dataset,Maternal Fetal Ultrasound Planes from Low-Resource Imaging Settings in Five African Countries,,2023,02,Obstetrics,Fetus,Fetal abdomen | Fetal brain | Fetal femur | Fetal thorax,B-mode,2D,static,image,patient=125 | image=450,classification,standard_plane_classification,,open,,Generalisability of fetal ultrasound deep learning models to low-resource imaging settings in five African countries,Scientific Reports,10.1038/s41598-023-29490-3,Zenodo,https://zenodo.org/records/7540448,10.5281/zenodo.7540448,v1.0,primary,,0202,verified,2026-09-04,"This resource contains independently acquired fetal standard-plane images from five African clinical centres and is therefore treated as a primary multi-centre acquisition. The associated study evaluates cross-country generalisation and transfer learning using FETAL_PLANES_DB (atlas ID 0202) as a high-resource source domain, but domain adaptation is not encoded as a native dataset task because the direct supervision consists of fetal-plane labels. The public Zenodo metadata currently does not expose a clear dataset-specific license, so license is left null rather than inferred from the article."
0205,FPUS23,FPUS23: An Ultrasound Fetus Phantom Dataset,,2023,02,Obstetrics,Fetal phantom,Fetal head | Fetal abdomen | Fetal arms | Fetal legs,B-mode,2D,static,image,image=15728,classification | detection,standard_plane_classification | classification | detection,,open,,"FPUS23: An Ultrasound Fetus Phantom Dataset With Deep Neural Network Evaluations for Fetus Orientations, Fetal Planes, and Anatomical Features",IEEE Access,10.1109/ACCESS.2023.3284315,GitHub / Google Drive,https://github.com/bharathprabakaran/FPUS23,,,primary,,,verified,2026-09-04,"FPUS23 is a non-human fetal-phantom dataset. Diagnostic-plane labels cover 5,265 images, fetal-orientation labels cover all 15,728 images, fetal-anatomy labels cover 9,317 images, and bounding-box annotations cover 9,455 images. The GitHub repository itself carries an MIT license, while the linked source-image archive is hosted separately on Google Drive; because the image-archive license is not stated independently on the data page, access.license is left null."
0206,Fetal Abdominal Structures Segmentation Dataset,Fetal Abdominal Structures Segmentation Dataset Using Ultrasonic Images,,2023,02,Obstetrics,Fetus,Fetal abdominal aorta | Intrahepatic umbilical vein | Fetal stomach | Fetal liver,B-mode,2D,static,image,patient=169 | image=1588,segmentation,segmentation,,open,CC BY 4.0,,,,Mendeley Data,https://data.mendeley.com/datasets/4gcpm9dsc3/1,10.17632/4gcpm9dsc3.1,1,primary,,,verified,2026-09-04,"The official Mendeley record describes a cohort of 169 term pregnancies and nearly 1,500 fetal abdominal-circumference images. Public reuse studies report 1,588 released images. Images were originally stored in DICOM, converted to PNG, and annotated in 3D Slicer. The dataset does not define a native classification task or a dedicated peer-reviewed dataset paper."
0207,ACOUSLIC-AI,Abdominal Circumference Operator-agnostic UltraSound Measurement in Low-Income Countries using Artificial Intelligence,,2024,02,Obstetrics,Fetus,Fetal abdomen,B-mode,2D,sweep,sequence,case=300 | frame=252000,localization | segmentation | measurements,localization | segmentation | measurement,case: training=300 [public] | validation=10 [withheld] | test=282 [withheld],open,CC BY-NC-SA 4.0,ACOUSLIC-AI challenge report: Fetal abdominal circumference measurement on blind-sweep ultrasound data from low-income countries,Medical Image Analysis,10.1016/j.media.2025.103640,Zenodo,https://zenodo.org/records/12697994,10.5281/zenodo.12697994,1.1,primary,,,verified,2026-09-04,"The complete challenge contains 592 cases: 300 public training/development, 10 hidden validation, and 282 hidden test cases. Only the 300-case training set is distributed through Zenodo. Version 1.1 corrects circumference measurements that were too large by a factor of two in version 1.0."
0208,PSFHS,PSFHS: Intrapartum Ultrasound Image Dataset for AI-based Segmentation of Pubic Symphysis and Fetal Head,,2024,02,Obstetrics,Maternal pelvis,Pubic symphysis | Fetal head,B-mode,2D,static,image,patient=1124 | image=1358,segmentation,segmentation,,open,CC BY 4.0,PSFHS: Intrapartum ultrasound image dataset for AI-based segmentation of pubic symphysis and fetal head,Scientific Data,10.1038/s41597-024-03266-4,Zenodo,https://zenodo.org/records/10969427,10.5281/zenodo.10969427,V1,primary,,0203,verified,2026-09-04,"PSFHS provides image/ground-truth-mask pairs only. The Scientific Data paper demonstrates that angle of progression (AoP) can be calculated from the final PS/FH segmentation masks and reports an average AoP of 98.33° ± 21.11°, but the public Zenodo archive contains the images and segmentation labels rather than a separate AoP ground-truth table. AoP measurement is therefore treated as a derived use rather than a native dataset task."
0209,FOCUS,FOCUS: Four-chamber Ultrasound Image Dataset for Fetal Cardiac Biometric Measurement,,2025,02,Obstetrics,Fetus,Fetal heart | Fetal thorax,B-mode,2D,static,image,patient=217 | image=300,segmentation | detection | measurements,segmentation | detection | measurement,image: training=250 | test=50,open,CC BY 4.0,,,,Zenodo,https://zenodo.org/records/14597550,10.5281/zenodo.14597550,1.0,derived,0202,,verified,2026-09-04,"FOCUS was constructed from the public FETAL_PLANES_DB resource and adds fetal-heart and thoracic ellipse annotations, DOTA-format rotated boxes, segmentation masks, and biometric information. It is therefore classified as a derived dataset with parent 0202 rather than as an independent primary acquisition family. No dedicated peer-reviewed dataset paper was identified."
0210,Maternal-Fetal Ultrasound Video Dataset,Maternal-Fetal Ultrasound Video Dataset for End-to-end Intrapartum Biometry and Multi-task Learning,,2025,02,Obstetrics,Maternal pelvis,Pubic symphysis | Fetal head,B-mode,2D,cine,video,patient=774 | video=774 | frame=68106,classification | segmentation | landmarks | measurements,standard_plane_classification | segmentation | landmark_detection | measurement,video: training=434 | validation=40 | test=300,open,CC BY 4.0,Maternal-Fetal Ultrasouno Video Dataset for End-to-end Intrapartum Biometry and Multi-task Learning,Scientific Data,10.1038/s41597-026-06900-5,Zenodo,https://zenodo.org/records/17655183,10.5281/zenodo.17655183,V3,primary,,0203 | 0208,verified,2026-09-04,"The public dataset was released on Zenodo in 2025 and subsequently described in Scientific Data in 2026. It contains 774 videos from 774 pregnant women across three institutions and devices. Landmark coordinates and derived AoP/HSD parameters are stored in landmark.json files, so biometry is treated as a native annotation task. The paper title contains the published spelling ""Ultrasouno""."
0301,CAMUS,CAMUS,,2019,03,Cardiac,Heart,Apical two-chamber view | Apical four-chamber view | Left ventricle | Left atrium,B-mode,2D,sequence,sequence,patient=500,segmentation | measurements | quality,segmentation | measurement | quality_assessment,,open,CC BY-NC-SA 4.0,Deep Learning for Segmentation using an Open Large-Scale Dataset in 2D Echocardiography,IEEE Transactions on Medical Imaging,10.1109/TMI.2019.2900516,CREATIS / Human Heart Project,https://www.creatis.insa-lyon.fr/Challenge/camus/,,,primary,,,verified,2026-09-02,"CAMUS contains 2D echocardiographic sequences from 500 patients in apical two- and four-chamber views. Expert annotations are provided at end diastole and end systole. The structured tasks encode the native segmentation, cardiac-function measurement, and image-quality annotations rather than the broader downstream analyses that can be derived from them."
0302,EchoNet-Dynamic,EchoNet-Dynamic,,2020,03,Cardiac,Heart,Left ventricle | Apical four-chamber view,B-mode,2D,cine,video,subject=10030 | video=10030,segmentation | measurements,segmentation | measurement,,application,Stanford Research Use Agreement,Video-based AI for beat-to-beat assessment of cardiac function,Nature,10.1038/s41586-020-2145-8,Stanford AIMI,https://echonet.github.io/dynamic/,10.71718/qd7p-4h31,,primary,,,verified,2026-09-02,"EchoNet-Dynamic contains 10,030 apical four-chamber echocardiography videos from 10,030 individuals. Cardiac-cycle analysis is a downstream use of the cine data, whereas the native released supervision is represented here by left-ventricular tracings and cardiac-function measurements."
0303,EchoCP,EchoCP,,2021,03,Cardiac,Heart,Patent foramen ovale | Cardiac chambers,B-mode | CEUS,2D,cine,video,patient=30 | video=60,classification | grading | segmentation,classification | grading | segmentation,,open,Apache 2.0,EchoCP: An Echocardiography Dataset in Contrast Transthoracic Echocardiography for Patent Foramen Ovale Diagnosis,arXiv,10.48550/arXiv.2105.08267,Kaggle,https://www.kaggle.com/datasets/xiaoweixumedicalai/echocp,,,primary,,,verified,2026-09-02,"EchoCP contains 60 contrast transthoracic echocardiography videos from 30 patients, with two videos per patient. The released supervision supports PFO diagnosis, PFO grading, and sparse cardiac-chamber segmentation. Contrast-bubble video analysis is treated as a use of these annotations rather than as a separate native task."
0304,TMED-2,Tufts Medical Echocardiogram Dataset 2,Tufts Medical Echocardiogram Dataset (TMED-2),2021,03,Cardiac,Heart,Aortic stenosis | Cardiac views,B-mode,2D,static,image,patient=577 | study=599 | image=17270 | image=26596,classification,classification,,application,TMED non-commercial research license,A New Semi-Supervised Learning Benchmark for Classifying View and Diagnosing Aortic Stenosis from Echocardiograms,"Machine Learning for Healthcare Conference (MLHC 2021), PMLR",,TMED,https://tmed.cs.tufts.edu/tmed_v2.html,,2,primary,,,verified,2026-09-02,"TMED-2 includes a fully labeled cohort together with additional view-only and unlabeled image sets. Semi-supervised learning is a benchmark paradigm enabled by the resource rather than a native annotation task, so it is not encoded in tasks. The two native supervised label sets are aortic-stenosis severity and cardiac-view classification."
0305,EchoNet-LVH,EchoNet-LVH,,2022,03,Cardiac,Heart,Left ventricle | Interventricular septum | Left-ventricular posterior wall,B-mode,2D,cine,video,video=12000,measurements,measurement,,application,Stanford research-use terms,High-Throughput Precision Phenotyping of Left Ventricular Hypertrophy With Cardiovascular Deep Learning,JAMA Cardiology,10.1001/jamacardio.2021.6059,Stanford AIMI,https://aimi.stanford.edu/datasets/echonet-lvh,10.71718/wtrx-wj56,,primary,,,verified,2026-09-02,"EchoNet-LVH contains 12,000 labeled echocardiography videos. Left-ventricular hypertrophy phenotyping is derived from the released cardiac measurements and calculations, so the native task is represented as measurement rather than as a separate free-text regression or phenotyping task."
0306,CardiacUDA / CardiacUDC,CardiacUDA / CardiacUDC,,2023,03,Cardiac,Heart,Left ventricle | Right ventricle | Pulmonary artery | Cardiac chambers,B-mode,2D,cine,video,video=992 | patient=~100,segmentation,segmentation,,open,Apache 2.0,GraphEcho: Graph-Driven Unsupervised Domain Adaptation for Echocardiogram Video Segmentation,ICCV 2023,10.48550/arXiv.2309.11145,Kaggle,https://www.kaggle.com/datasets/xiaoweixumedicalai/cardiacudc-dataset,,,primary,,,partial,2026-09-02,"The associated paper describes 992 videos across two sites, while the publicly visible Kaggle package currently exposes only the A4C subset. Unsupervised domain adaptation and cross-center generalization are experimental paradigms rather than native dataset tasks; the released supervision itself is cardiac-structure segmentation."
0307,EchoNet-Pediatric,EchoNet-Pediatric,,2023,03,Cardiac,Heart,Pediatric left ventricle,B-mode,2D,cine,video,video=7643,segmentation | measurements,segmentation | measurement,,application,Stanford Research Use Agreement,Video-Based Deep Learning for Automated Assessment of Left Ventricular Ejection Fraction in Pediatric Patients,Journal of the American Society of Echocardiography,10.1016/j.echo.2023.01.015,Stanford EchoNet,https://echonet.github.io/pediatric/,,,primary,,,verified,2026-09-02,"EchoNet-Pediatric contains 7,643 labeled pediatric echocardiography videos. The released supervision consists of expert left-ventricular tracings and cardiac-function measurements. Pediatric cardiac-function assessment is therefore represented by segmentation and measurement rather than a separate free-text task."
0308,CACTUS,CACTUS,,2025,03,Cardiac,Cardiac phantom,Cardiac views | Ultrasound image quality,B-mode,2D,static,image,image=37736,classification | quality,classification | quality_assessment,,open,CC BY 4.0,CACTUS: An Open Dataset and Framework for Automated Cardiac Assessment and Classification of Ultrasound Images Using Deep Transfer Learning,Computers in Biology and Medicine,10.1016/j.compbiomed.2025.110003,FRDR,https://doi.org/10.20383/103.01484,10.20383/103.01484,,primary,,,verified,2026-09-02,"CACTUS contains 37,736 cardiac-phantom ultrasound images with cardiac-view labels and image-quality grades. These are encoded as classification and quality-assessment tasks; the phantom origin is retained explicitly under anatomy."
0309,MIMIC-IV-Echo,MIMIC-IV-Echo,,2026,03,Cardiac,Heart,Cardiac chambers | Systolic function | Diastolic function | Cardiac valves | Aorta and great vessels | Doppler hemodynamics,B-mode | M-mode | Color Doppler | Spectral Doppler,mixed,mixed,mixed,study=206488 | patient=91372 | file=524137 | study=7228 | patient=4572,measurements,measurement,,controlled,PhysioNet credentialed data-use agreement,MIMIC-IV-Echo: Echocardiogram Matched Subset,PhysioNet,10.13026/307c-mr50,PhysioNet,https://physionet.org/content/mimic-iv-echo/1.0.1/,10.13026/307c-mr50,1.0.1,primary,,,verified,2026-09-02,"MIMIC-IV-Echo v1.0.1 contains 206,488 echocardiography studies from 91,372 patients. The DICOM subset contains 524,137 files from 7,228 transthoracic echocardiography studies and 4,572 patients. The resource links echocardiographic imaging and structured measurements to MIMIC-IV. Representation learning, view analysis, and multimodal clinical research are important downstream uses, but the native structured supervision recorded here is measurement metadata."
0401,POCUS Dataset for COVID-19 Detection,A Lung Ultrasound Dataset for COVID-19 Detection,,2020,04,Lung,Lung,Pulmonary pathologies,B-mode,2D,mixed,image | video,patient=216 | video=202 | image=59 | record=261,classification | grading | segmentation,classification | grading | segmentation,,open,"Mixed per-source licenses, including CC BY 4.0, CC BY-NC 4.0, and source-specific terms",Accelerating Detection of Lung Pathologies with Explainable Ultrasound Image Analysis,Applied Sciences,10.3390/app11020672,GitHub,https://github.com/jannisborn/covid19_ultrasound,,,aggregate,,,verified,2026-09-02,"The stable paper release contains 261 recordings from 216 patients: 202 videos and 59 static images. It contains 92 COVID-19, 73 bacterial-pneumonia, 90 healthy, and 6 non-COVID viral-pneumonia recordings assembled from 41 sources. The continuously updated metadata currently lists more source records than the stable paper release, so the structured scale above follows the stable 261-record release. Disease labels and visible lung-ultrasound patterns were reviewed by medical experts. Four-level severity scores were later added for 136 videos. The optional uninformative class is an auxiliary out-of-distribution resource rather than a core diagnostic class. Patient- or video-level splitting is required to prevent frame-level data leakage."
0402,COVIDx-US,COVIDx-US Open-Access Lung Ultrasound Benchmark Dataset,,2021,04,Lung,Lung,Pulmonary infections | Other lung conditions,B-mode,2D,mixed,video | image,video=242 | frame=29651,classification | grading,classification | grading,,open,GNU AGPL 3.0 for repository materials; source media retain source-specific terms,COVIDx-US: An Open-Access Benchmark Dataset of Ultrasound Imaging Data for AI-Driven COVID-19 Analytics,Frontiers in Bioscience (Landmark Edition),10.31083/j.fbl2707198,GitHub,https://github.com/nrc-cnrc/COVID-US,,,aggregate,,,verified,2026-09-02,"The repository reports 242 videos and 29,651 processed frames. The published paper describes a different version snapshot with 173 videos and 21,570 frames from 147 patients, while repository history associates the larger 242-video collection with an earlier benchmark version and later adds LUSS metadata. Repository masks remove embedded text and symbols and are not anatomical segmentation labels, so segmentation is not encoded as a native task. The repository does not host the original videos; scripts retrieve media from multiple external public sources."
0403,LUSS_phantom,Lung Ultrasound COVID Phantom Dataset Used for Training a Machine Learning Model,,2024,04,Lung,Lung phantom,Ribs | Pleural line | A-lines | B-lines | B-line confluence,B-mode,2D,mixed,video | image,image=564,segmentation,segmentation,,open,CC BY 4.0,Deep learning for real-time multi-class segmentation of artefacts in lung ultrasound,Ultrasonics,10.1016/j.ultras.2024.107251,University of Leeds Research Data Repository,https://doi.org/10.5518/1485,10.5518/1485,,primary,,,verified,2026-09-02,The dataset contains 564 manually annotated frames generated from two-second cine loops acquired from a COVID-19 lung-ultrasound training phantom using multiple diagnostic ultrasound systems. Five annotators labelled 100 images each and a senior sonographer labelled another 64 images. B-line artefact quantification is a downstream use derived from the segmentation masks rather than a separate native annotation task. No patient data are included. The separate clinical transfer-learning dataset described in the paper is available only upon request and is outside this public resource.
0404,Lung Ultrasound Images for Automated AI-based Lung Disease Classification,A Dataset of Lung Ultrasound Images for Automated AI-based Lung Disease Classification,,2025,04,Lung,Lung,Pulmonary conditions,B-mode,2D,static,image,patient=149 | image=1062,classification,classification,image: training=723 | validation=198 | test=141,open,CC BY 4.0,A dataset of lung ultrasound images for automated AI-based lung disease classification,Data in Brief,10.1016/j.dib.2025.112034,Mendeley Data,https://data.mendeley.com/datasets/hb3p34ytvx/2,10.17632/hb3p34ytvx.2,2,primary,,,verified,2026-09-02,"The dataset contains 1,062 images from 149 Ugandan patients: 338 images from 27 patients classified as probably COVID-19, 362 images from 67 patients with other lung disease, and 362 images from 55 healthy-lung patients. The patient-level split contains 723 training, 198 validation, and 141 test images. Mendeley version 2 adds the original unprocessed data together with processing, cleaning, and sorting scripts."
0405,POCUS LUS Datasets,POCUS Lung Ultrasound Datasets,,2025,04,Lung,Lung,Pulmonary conditions,B-mode,2D,static,image,patient=8 | image=10,classification,classification,,open,CC BY 4.0 on Figshare; upstream source-specific rights vary,,,,Figshare,https://doi.org/10.6084/m9.figshare.29364743.v1,10.6084/m9.figshare.29364743.v1,1,subset,0401,,verified,2026-09-02,"This resource contains only 10 static images: six COVID-19, three bacterial-pneumonia, and one normal image, associated with eight distinct patient/source IDs. File-level verification showed that all 10 images are byte-identical to same-named files in atlas dataset 0401. It is therefore recorded as an exact subset of 0401 rather than as an independent derivative. The Figshare record itself contains no provenance statement, label table, patient metadata, selection criteria, bounding boxes, or segmentation masks."
0406,PU2756,A Pulmonary Ultrasound Dataset for Tumor Segmentation and Classification,,2026,04,Lung,Lung,Peripheral pulmonary tumor,B-mode,2D,static,image,patient=2756 | image=2756,classification | segmentation,classification | segmentation,,open,CC BY 4.0,A Pulmonary Ultrasound Dataset for Tumor Segmentation and Classification,Scientific Data,10.1038/s41597-026-07715-0,Figshare,https://doi.org/10.6084/m9.figshare.32672274,10.6084/m9.figshare.32672274.v1,1,primary,,,verified,2026-09-02,"PU2756 contains 2,756 B-mode pulmonary-ultrasound images from 2,756 unique patients, with one image per patient: 1,755 malignant and 1,001 benign. Expert annotations include pixel-level pulmonary-tumor masks, while benign/malignant labels are confirmed through biopsy pathology. The public Figshare v1 record provides images.zip, masks.zip, and five_fold_split.xlsx. The five-fold partition is retained in the release metadata but is not encoded as a single train/validation/test split in this atlas entry."
0501,Fatty Liver Ultrasound,Dataset of B-mode Fatty Liver Ultrasound Images,,2018,05,Liver & Gallbladder,Liver,Hepatic steatosis,B-mode,2D,sequence,image,patient=55 | image=550,classification | measurements,classification | measurement,,open,CC BY 4.0,Transfer learning with deep convolutional neural network for liver steatosis assessment in ultrasound images,International Journal of Computer Assisted Radiology and Surgery,10.1007/s11548-018-1843-2,Zenodo,https://zenodo.org/records/1009146,10.5281/zenodo.1009146,,primary,,,verified,2026-09-02,"The dataset contains ten consecutive 434 x 636 B-mode frames from each of 55 severely obese patients. Wedge-biopsy steatosis percentage is provided as the reference standard. Because the continuous biopsy percentage is available, the former free-text ""Regression"" task is represented as a native measurement task rather than as a separate research paradigm."
0502,B-mode-and-CEUS-Liver,Ultrasound Data of a Variety of Liver Masses,,2021,05,Liver & Gallbladder,Liver,Focal liver mass,B-mode | CEUS,2D,mixed,image | sequence,study=120 | series=120 | file=1859,classification,classification,,open,,,,,The Cancer Imaging Archive,https://www.cancerimagingarchive.net/collection/b-mode-and-ceus-liver/,10.7937/TCIA.2021.v4z7-tc39,2,primary,,,verified,2026-09-02,"The complete Version 2 contains 120 studies, 120 series, and 1,859 DICOM instances totaling 272.16 GB. Clinical diagnosis, treatment, and follow-up data are provided. Lesion characterization reference standards include pathology and contrast-enhanced cross-sectional imaging. Treatment-response reference standards are available for many HCC cases, but no single standardized treatment-response label schema is documented here, so treatment-response assessment and temporal analysis are treated as downstream uses rather than separate native tasks. No consistent bounding-box or pixel-wise lesion annotations are released."
0503,Annotated Ultrasound Liver Images,Annotated Ultrasound Liver Images,,2022,05,Liver & Gallbladder,Liver,Liver | Liver mass | Ultrasound scan region,B-mode,2D,static,image,image=735,classification | segmentation,classification | segmentation,,open,CC BY 4.0,Improving artificial intelligence pipeline for liver malignancy diagnosis using ultrasound images and video frames,Briefings in Bioinformatics,10.1093/bib/bbac569,Zenodo,https://zenodo.org/records/7272660,10.5281/zenodo.7272660,,primary,,,verified,2026-09-02,"The public release contains exactly 735 JPG images: 435 malignant, 200 benign, and 100 normal. It is an annotated public subset associated with a larger study of 50,063 images and video frames from 11,468 patients; the full study cohorts are not publicly included here. Detection is a possible downstream use of the polygon annotations, but no independent bounding-box annotation is released, so detection is not encoded as a native task."
0504,GBCU,Gallbladder Cancer Ultrasound Dataset,,2022,05,Liver & Gallbladder,Gallbladder,Gallbladder | Gallbladder pathology | Adjacent liver region,B-mode,2D,static,image,patient=218 | image=1255,classification | detection,classification | detection,,application,Custom GBCU License Agreement,Surpassing the Human Accuracy: Detecting Gallbladder Cancer From USG Images With Curriculum Learning,CVPR 2022,10.1109/CVPR52688.2022.02022,GBCU project website,https://gbc-iitd.github.io/data/gbcu,,,primary,,,verified,2026-09-02,"GBCU contains 1,255 B-mode gallbladder ultrasound images from 218 patients. No pixel-wise segmentation masks are provided; the spatial supervision consists of expert bounding boxes. Access is application-based under the custom GBCU license agreement."
0505,GBUSV,Gallbladder Ultrasound Video Dataset,,2022,05,Liver & Gallbladder,Gallbladder,Gallbladder pathology,B-mode,2D,cine,video,video=64 | frame=15800,classification,classification,,application,Custom GBUSV License Agreement,Unsupervised Contrastive Learning of Image Representations from Ultrasound Videos with Hard Negative Mining,MICCAI 2022,10.1007/978-3-031-16440-8_41,GBUSV project website,https://gbc-iitd.github.io/data/gbusv,,,primary,,,verified,2026-09-02,"The original release contains 64 videos and 15,800 frames. Videos contain 43-888 frames and were resized to 360 x 480 pixels. The current application agreement is labeled GBUSV v2.0, whereas the project page still documents the original 64-video release. Self-supervised representation learning is the research paradigm used in the associated paper rather than a native dataset task, so only video-level classification is encoded under tasks."
0506,liver_ultrasound,liver_ultrasound Computer Vision Project,,2023,05,Liver & Gallbladder,Liver,Hepatic structures | Adjacent abdominal structures,B-mode,2D,static,image,image=400,detection,detection,image: training=220 | validation=120 | test=60,open,CC BY 4.0,,,,Roboflow Universe,https://universe.roboflow.com/joe-klepich/liver_ultrasound,,v11,primary,,,partial,2026-09-02,"Version v11 contains 400 images with a 220/120/60 train/validation/test split. Patient count, acquisition source, annotator details, diagnostic reference standards, and the semantics of several abbreviated detection classes are not documented. Verification is therefore marked partial even though the public project structure and counts are available."
0507,BEHSOF,BEHSOF - Advanced Non-alcoholic Fatty Liver Dataset with Clinical Metadata and Ultrasound Images for Deep Learning Models,,2024,05,Liver & Gallbladder,Liver,Non-alcoholic fatty liver disease,Ultrasound | Elastography,2D,static,image,participant=113 | image=1669,grading | measurements,grading | measurement,,open,CC BY 4.0,,,,Figshare,https://figshare.com/articles/dataset/BEHSOF/26389069,10.6084/m9.figshare.26389069.v4,4,primary,,,verified,2026-09-02,"BEHSOF contains 113 participants: 18 from Taleghani Hospital and 95 from Behbood Clinic. Clinical data include demographics, anthropometric measurements, blood tests, CAP score, elasticity/E score, and FibroScan results. The original free-text tasks ""Regression"" and ""Multimodal Prediction"" are downstream modeling formulations; the native structured supervision is represented here as grading and measurement metadata."
0508,Saudi NAFLD Liver Ultrasound Dataset,Large Annotated Ultrasound Dataset of Non-alcoholic Fatty Liver from Saudi Hospitals for Analysis and Applications,,2024,05,Liver & Gallbladder,Liver,Non-alcoholic fatty liver disease,B-mode | Color Doppler,2D,static,image,patient=384 | image=10352,grading,grading,,application,Custom confidentiality and data-use agreement,Large annotated ultrasound dataset of non-alcoholic fatty liver from Saudi hospitals for analysis and applications,Data in Brief,10.1016/j.dib.2024.111266,Open Science Framework,https://doi.org/10.17605/OSF.IO/C2YG8,10.17605/OSF.IO/C2YG8,,primary,,,partial,2026-09-02,"The dataset contains 10,352 standardized 768 x 1024 PNG images from 384 patients: 8,772 grayscale and 1,580 color images. Full-image labels are based on corresponding liver-biopsy results. No bounding boxes, segmentation masks, patient IDs, examination dates, raw NAS scores, or biopsy reports are released. The OSF files were not directly accessible during verification, so verification remains partial."
0509,SMC-LUD,Samsung Medical Center Liver Ultrasound Dataset,,2026,05,Liver & Gallbladder,Liver,Focal liver lesion,B-mode,2D,static,image,patient=1021 | image=5385,classification,classification,,open,CC BY 4.0 with repository and paper restrictions limiting use to non-commercial research,SMC-LUD: Large-Scale B-Mode Liver Ultrasound Dataset for Hepatocellular Carcinoma and Hemangioma Classification,Scientific Data,10.1038/s41597-026-07023-7,Figshare,https://doi.org/10.6084/m9.figshare.31112716,10.6084/m9.figshare.31112716,3,primary,,,verified,2026-09-02,"SMC-LUD contains 5,385 anonymized images from 1,021 patients: 2,716 HCC images from 600 patients and 2,669 hemangioma images from 421 patients. HCC metadata include tumor size and UICC/AJCC pT stages. Clean and Caliper image subsets are provided; no segmentation masks are reported. Figshare displays CC BY 4.0, while the repository and paper additionally impose a non-commercial research-only restriction, which is recorded explicitly under access."
0601,LUMINOUS,LUMINOUS Database: Lumbar Multifidus Muscle Segmentation from Ultrasound Images,,2020,06,Musculoskeletal,Musculoskeletal,Lumbar multifidus muscle | Left lumbar multifidus at L5 | Right lumbar multifidus at L5,B-mode,2D,static,image,subject=109,segmentation,segmentation,,open,CC BY 4.0,LUMINOUS Database: Lumbar Multifidus Muscle Segmentation from Ultrasound Images,BMC Musculoskeletal Disorders,10.1186/s12891-020-03679-3,Sonography.ai,http://data.sonography.ai/,,,primary,,,verified,2026-09-02,"LUMINOUS contains 109 subject datasets with left- and right-sided lumbar multifidus ultrasound images acquired at L5 in prone and standing positions. Cross-sectional area and echo-intensity quantification can be derived from the images and masks, but the native released supervision is muscle segmentation, so those analyses are not encoded as separate tasks."
0602,deepMTJ test set,deepMTJ Test Set,,2021,06,Musculoskeletal,Musculoskeletal,Lateral gastrocnemius muscle-tendon junction | Medial gastrocnemius muscle-tendon junction,B-mode,2D,static,image,image=1344,localization,localization,,open,CC BY 4.0,A Human-Centered Machine-Learning Approach for Muscle-Tendon Junction Tracking in Ultrasound Images,IEEE Transactions on Biomedical Engineering,10.1109/TBME.2021.313054,Figshare,https://doi.org/10.6084/m9.figshare.16822978.v2,10.6084/m9.figshare.16822978.v2,2,primary,,,verified,2026-09-02,"The public deepMTJ test set contains 1,344 B-mode ultrasound images acquired with three ultrasound systems. Ground truth is defined from four specialist annotations. The associated study evaluates MTJ tracking and cross-device generalization, but the released annotation itself is per-image MTJ localization; tracking and benchmark generalization are therefore not encoded as separate native tasks."
0603,FALLMUD,FALLMUD,,2021,06,Musculoskeletal,Musculoskeletal,Lower-leg muscle | Muscle fascicle | Aponeurosis,B-mode,2D,static,image,image=812,segmentation,segmentation,,open,,AW-Net: Automatic Muscle Structure Analysis on B-Mode Ultrasound Images for Injury Prevention,ACM BCB 2021,,CEA Kalisteo,https://kalisteo.cea.fr/index.php/fallmud/,,,aggregate,,,verified,2026-09-02,FALLMUD contains 812 B-mode ultrasound images and combines two earlier image sets with complementary fascicle and aponeurosis masks. It is therefore recorded as an aggregate resource rather than a new independent acquisition. Muscle-architecture quantification is a downstream use derived from these segmentation masks and is not encoded as a separate native task.
0604,TUS-REC2024,TUS-REC2024: Trackerless Ultrasound Reconstruction Challenge 2024,,2024,06,Musculoskeletal,Musculoskeletal,Forearm | Freehand ultrasound scan geometry,B-mode,mixed,sequence,sequence,participant=85 | scan=2040,registration,pose_estimation | registration | reconstruction,scan: training=1200 [public] | validation=72 [public] | test=768 [withheld],application,Research use only; non-commercial,TUS-REC2024: A Challenge to Reconstruct 3D Freehand Ultrasound Without External Tracker,arXiv,10.48550/arXiv.2506.21765,TUS-REC,https://github-pages.ucl.ac.uk/tus-rec-challenge/TUS-REC2024/,,,primary,,,verified,2026-09-02,"TUS-REC2024 contains 2,040 freehand forearm ultrasound scans from 85 healthy volunteers. The native supervision consists of synchronized per-frame 4x4 spatial transformations. These support relative-pose estimation, spatial registration, and trackerless 3D reconstruction, which are retained as the three native technical tasks."
0605,Machine Learning-Driven Heckmatt Grading in FSHD,Machine Learning-Driven Heckmatt Grading in FSHD,,2025,06,Musculoskeletal,Musculoskeletal,Skeletal muscle | Facioscapulohumeral muscular dystrophy,B-mode,2D,static,image,participant=290 | image=25005,classification | grading | segmentation,classification | grading | segmentation,,open,CC BY 4.0,Machine learning-driven Heckmatt grading in facioscapulohumeral muscular dystrophy: A novel pathway for musculoskeletal ultrasound analysis,Clinical Neurophysiology,10.1016/j.clinph.2025.01.016,Mendeley Data,https://data.mendeley.com/datasets/yzg86vb895/1,10.17632/yzg86vb895.1,1,primary,,,verified,2026-09-02,"The dataset contains 25,005 B-mode ultrasound images from 290 participants, including 180 healthy participants and 110 participants with FSHD. Healthy-versus-FSHD analysis is represented by the participant-level classification labels, while Heckmatt grading and muscle segmentation are encoded separately according to their native annotations."
0606,Transverse Musculoskeletal Ultrasound Dataset for NMD Assessment,Transverse Musculoskeletal Ultrasound Dataset for Neuromuscular Disease Assessment,,2021,06,Musculoskeletal,Musculoskeletal,Biceps brachii | Tibialis anterior | Medial gastrocnemius,B-mode,2D,static,image,subject=1283 | image=3917,segmentation | classification | measurements,segmentation | classification | measurement,,open,CC BY 4.0,Deep Learning Segmentation of Transverse Musculoskeletal Ultrasound Images for Neuromuscular Disease Assessment,Computers in Biology and Medicine,10.1016/j.compbiomed.2021.104623,Mendeley Data,https://data.mendeley.com/datasets/3jykz7wz8d/1,10.17632/3jykz7wz8d.1,1,primary,,,verified,2026-09-02,"The dataset contains 3,917 transverse musculoskeletal ultrasound images from 1,283 subjects. Expert cross-sectional-area masks are the principal spatial annotations. Healthy/abnormal status and grayscale-derived quantitative information are retained as classification and measurement annotations rather than as free-text downstream assessment tasks."
0607,Robotic and Handheld Lumbar Spine Ultrasound,"A Large, Paired Dataset of Robotic and Handheld Lumbar Spine Ultrasound with Ground-truth CT Benchmarking",,2024,06,Musculoskeletal,Spine,Lumbar vertebral bone surface,B-mode | CT,mixed,sweep,mixed,patient=63 | scan=598 | image=6091,segmentation | registration,segmentation | registration | reconstruction,,open,CC BY 4.0,"A large, paired dataset of robotic and handheld lumbar spine ultrasound with ground-truth CT benchmarking",Scientific Data,10.1038/s41597-025-06047-9,KU Leuven RDR,https://doi.org/10.48804/3XPCAE,10.48804/3XPCAE,,primary,,,verified,2026-09-02,"The resource includes 223 handheld and 375 robot-assisted lumbar-spine ultrasound scans. The 6,091 expert-annotated frames comprise 2,353 handheld and 3,738 robot-assisted frames selected from nine volunteers. Paired CT scans, synchronized ultrasound tracking data, and CT-derived 3D vertebral surface models support registration and reconstruction. The former empty classification block has been removed because no native classification labels are described."
0608,AI/ML-ready Knee Ultrasound Dataset,Development of an AI/ML-ready Knee Ultrasound Dataset in a Population-based Cohort,Knee Ultrasound Dataset in a Population-based Cohort | JoCoHS Knee Ultrasound Dataset,2023,06,Musculoskeletal,Knee,Knee joint,B-mode | Power Doppler,2D,static,image,image=7571,,pretraining,,open,,Associations and Diagnostic Accuracy of Ultrasound Features in Knee Osteoarthritis: Cross-Sectional Results From a Large Community-Based Cohort,Arthritis & Rheumatology,10.1002/art.43139,Harvard Dataverse,https://dataverse.harvard.edu/dataset.xhtml?persistentId=doi:10.7910/DVN/SKP9IB,10.7910/DVN/SKP9IB,5.1,primary,,,partial,2026-09-07,"This dataset is not currently represented elsewhere in the atlas and is suitable for inclusion as a primary musculoskeletal ultrasound resource. It originates from the population-based Johnston County Health Study (JoCoHS) and was created as an AI/ML-ready FAIR resource for research on knee osteoarthritis and related ultrasound phenotypes. Associated publications describe a standardized protocol with seven images per knee. Expert readers scored osteoarthritis-related ultrasound features including effusion/synovitis, Power Doppler signal, osteophytes, cartilage damage, meniscal extrusion, popliteal cysts, and calcium crystal deposition, with disagreements adjudicated by a third reader. However, the publications specifically state that the Harvard Dataverse currently provides all ultrasound images and limited metadata. Because public availability of the final expert feature scores could not be independently confirmed from the currently accessible Dataverse metadata, those scores are not encoded as native public annotations in this atlas entry. The associated 2025 cohort analysis included 861 participants and 1,711 knees with complete imaging data from a 902-participant Johnston County Health Study cohort. These study-cohort counts are not used as the public dataset scale because the Harvard Dataverse is a versioned resource and the publicly summarized resource size is 7,571 ultrasound images. The currently accessible indexed Harvard Dataverse information identifies version 5.1. A dataset-specific reusable license could not be independently confirmed, so access.license is left null. Verification is marked partial because the Dataverse landing page could not be fully inspected from the verification environment."
0701,UK Biobank carotid ultrasound,UK Biobank Carotid Ultrasound Imaging Resource,,,07,Vessel,Carotid artery,Common carotid artery,B-mode,2D,mixed,image | video,participant=unknown | image=unknown,measurements,measurement,,application,UK Biobank access terms,,,,UK Biobank Showcase,https://biobank.ndph.ox.ac.uk/showcase/,,,primary,,,verified,2026-09-03,This entry represents the UK Biobank carotid-ultrasound resource family rather than a single frozen benchmark release. Participant and image counts therefore vary by selected data field and release. The resource supports carotid phenotype and intima-media-thickness analysis through linkage with UK Biobank participant metadata. It is application-controlled rather than an open-download dataset.
0702,CUBS,Carotid Ultrasound Boundary Study,Carotid Ultrasound Boundary Study (CUBS),2021,07,Vessel,Carotid artery,Common carotid artery | Lumen-intima boundary | Media-adventitia boundary,B-mode,2D,static,image,participant=1088 | image=2176,segmentation | measurements,segmentation | measurement,,open,CC BY 4.0,Carotid Ultrasound Boundary Study (CUBS): An Open Multicenter Analysis of Computerized Intima-Media Thickness Measurement Systems and Their Clinical Impact,Ultrasound in Medicine & Biology,10.1016/j.ultrasmedbio.2021.03.003,Mendeley Data,https://data.mendeley.com/datasets/fpv535fss7/1,10.17632/fpv535fss7.1,1,primary,,,verified,2026-09-03,"CUBS contains 2,176 common-carotid-artery B-mode images from 1,088 participants. Its core spatial annotations are paired lumen-intima and media-adventitia boundaries rather than ordinary filled binary masks, so they are represented as surface/boundary segmentation. Carotid intima-media thickness is a native quantitative use of these paired boundaries."
0703,CCA,CCA Carotid Artery Ultrasound Segmentation Dataset Used by MI-SegNet,,2023,07,Vessel,Carotid artery,Carotid artery lumen | Carotid artery region,B-mode,2D,static,image,image=2307,segmentation,segmentation,image: training=2107 | validation=200,open,,MI-SegNet: Mutual Information-Based US Segmentation for Unseen Domain Generalization,MICCAI 2023,10.1007/978-3-031-43901-8_13,GitHub,https://github.com/yuan-12138/MI-SegNet,,,primary,,,verified,2026-09-03,"CCA contains 2,307 B-mode carotid-ultrasound images: 2,107 training images and 200 held-out validation images. Domain generalization across ultrasound devices is the experimental setting of the MI-SegNet study rather than a native dataset task, so only segmentation is encoded under tasks. No standalone data DOI or explicit dataset license was confirmed."
0704,CCAUI,Common Carotid Artery Ultrasound Images,Common Carotid Artery Ultrasound Images Dataset,2022,07,Vessel,Carotid artery,Common carotid artery,B-mode,2D,static,image,participant=11 | image=1100 | pair=1100,segmentation,segmentation,,open,CC BY 4.0,,,,Mendeley Data,https://data.mendeley.com/datasets/d4xt63mgjm/1,10.17632/d4xt63mgjm.1,1,primary,,,verified,2026-09-04,"The public release contains 1,100 carotid ultrasound images from 11 participants and 1,100 corresponding expert-verified masks, for 2,200 PNG files in total. Each participant contributes 100 images and was examined on the left and right sides at least once. The resource can support carotid geometry measurement, but no independent measurement ground-truth table is distributed; measurement is therefore treated as a mask-derived use rather than a native dataset task. No dedicated peer-reviewed dataset paper was identified."
0801,BITE,Brain Images of Tumors for Evaluation,,2012,08,Brain,Brain,Brain tumor | Resection cavity,B-mode | MRI,mixed,mixed,sequence | volume,patient=14,registration,registration,,open,,Online database of clinical MR and ultrasound images of brain tumors,Medical Physics,10.1118/1.4709600,Montreal Neurological Institute,https://nist.mni.mcgill.ca/bite-brain-images-of-tumors-for-evaluation-database/,,,primary,,,verified,2026-09-03,"BITE contains data from 14 brain-tumor patients organized into four downloadable groups: pre-/post-resection ultrasound, preoperative MRI with pre-resection ultrasound, pre-/post-operative MRI, and preoperative MRI with post-resection ultrasound. Ultrasound data include original 2D B-mode sweeps and reconstructed 3D volumes. Tumor segmentation masks are not provided. Images primarily use MINC format. Target-registration-error analysis is an evaluation derived from the landmark annotations rather than a separate native task."
0802,RESECT,REtroSpective Evaluation of Cerebral Tumors,REtroSpective Evaluation of Cerebral Tumors (RESECT),2017,08,Brain,Brain,Low-grade glioma | Neurosurgical resection region,B-mode | MRI,mixed,mixed,sequence | volume,case=23,registration,registration,,open,,REtroSpective Evaluation of Cerebral Tumors (RESECT): A clinical database of pre-operative MRI and intra-operative ultrasound in low-grade glioma surgeries,Medical Physics,10.1002/mp.12268,Sigma2 / NIRD,https://archive.sigma2.no/dataset/5D6BFC33-F58D-4F56-88E8-C40AF269D6F2,10.11582/2017.00004,,primary,,,verified,2026-09-03,"RESECT contains 23 low-grade-glioma surgery cases with preoperative MRI and intraoperative ultrasound. The core resource provides anatomical landmarks for MRI-iUS registration evaluation. Related extension resources add tumor and resection-cavity segmentation labels, but those extensions are not treated here as native annotations of the core RESECT entry. No explicit reusable data license was confirmed on the accessible landing page."
0803,Dataset of 3D ultrasound neuroimages,Dataset of 3D Ultrasound Neuroimages and Supporting Info,,2026,08,Brain,Neonatal brain,Transfontanellar brain,B-mode,3D,static,volume,file=9,,pretraining,,open,CC BY 4.0,,,,Zenodo,https://zenodo.org/records/19593033,10.5281/zenodo.19593033,,primary,,,verified,2026-09-03,"This is a small unlabeled 3D transfontanellar ultrasound neuroimage resource with supporting files. The earlier atlas entry listed data augmentation, 2D slice synthesis, GAN training, and representation research as tasks, but these are modeling uses rather than native annotations. Because the current schema requires at least one task for an unlabeled reusable image resource, it is categorized under the generic pretraining task. No consistent manual semantic-segmentation labels or dedicated peer-reviewed dataset paper were verified. The entry was updated from the earlier 2025 Zenodo record 14917169 to the 2026 record with supporting information."
0804,ReMIND,The Brain Resection Multimodal Imaging Database,,2023,08,Brain,Brain,Brain tumor | Brain parenchyma | Resection cavity | Residual tumor tissue | Resected tissue,B-mode | MRI,mixed,mixed,sequence | volume,case=114,segmentation | registration,segmentation | registration,,open,CC BY 4.0,ReMIND: The Brain Resection Multimodal Imaging Database,Scientific Data,10.1038/s41597-024-03295-z,The Cancer Imaging Archive,https://www.cancerimagingarchive.net/collection/remind/,10.7937/3RAG-D070,,primary,,,verified,2026-09-03,"ReMIND contains 114 neurosurgical cases with preoperative MRI, intraoperative MRI, and intraoperative ultrasound. Expert segmentations include tumor, brain parenchyma, resection cavity, and residual/resected tissue labels. Image-guided neurosurgery is the broader clinical application of the resource; the native structured tasks are represented here as segmentation and registration."
0805,BraTioUS,BraTioUS - Brain Tumor Intraoperative Ultrasound Dataset,,2026,08,Brain,Brain,Glioma | Brain tumor tissue,B-mode,2D,static,image,patient=142 | image=1669,segmentation,segmentation,,open,CC BY 4.0,,,,Zenodo,https://zenodo.org/records/20800464,10.5281/zenodo.20800464,,primary,,,verified,2026-09-03,"BraTioUS contains 1,669 intraoperative B-mode ultrasound images from 142 glioma patients, together with tumor segmentation masks and a metadata spreadsheet. Tumor/no-tumor image classification can be derived from the segmentation masks, but no independent native classification annotation is required, so classification is not encoded as a separate task. This entry uses the latest verified Zenodo record dated 2026-06-22; the concept DOI is 10.5281/zenodo.16887362."
0901,The Open Kidney Ultrasound Data Set,The Open Kidney Ultrasound Data Set,kidneyUS | Open Kidney US,2023,09,Kidney,Kidney,Native kidney | Transplanted kidney | Renal capsule | Renal cortex | Renal medulla | Central echogenic complex,B-mode,2D,static,image,patient=514 | image=514 | file=534,classification | segmentation | quality,classification | segmentation | quality_assessment,,application,CC BY-NC-SA,The Open Kidney Ultrasound Data Set,International Workshop on Advances in Simplifying Medical Ultrasound,10.1007/978-3-031-44521-7_15,GitHub and UBC OneDrive,https://github.com/rsingla92/kidneyUS#data-access,,,primary,,,verified,2026-09-02,"The dataset contains 514 unique anonymized B-mode kidney ultrasound images from 514 distinct patients, including native and transplanted kidneys. Twenty additional duplicate copies are included for annotation-consistency assessment, producing 534 delivered image files in total. In addition to kidney-type and view-type labels, the resource includes image-quality labels and fine-grained expert polygon annotations for the renal capsule, cortex, medulla, and central echogenic complex. The GitHub repository provides code and annotation resources, while source ultrasound images require registration and manual approval before release through UBC OneDrive."
1001,Prostate-MRI-US-Biopsy,Prostate MRI and Ultrasound With Pathology and Coordinates of Tracked Biopsy,,2020,10,Prostate,Prostate,Prostate gland | Prostate cancer-suspicious region | Prostate biopsy core,B-mode | MRI,3D,static,volume,patient=1151 | study=2799 | series=4819 | image=102397,segmentation | localization | grading | measurements | registration,segmentation | localization | grading | measurement | registration,,open,CC BY 4.0,Targeted biopsy in the detection of prostate cancer using an office based magnetic resonance ultrasound fusion device,The Journal of Urology,10.1016/j.juro.2012.08.095,The Cancer Imaging Archive,https://www.cancerimagingarchive.net/collection/prostate-mri-us-biopsy/,10.7937/TCIA.2020.A61IOC1A,2,primary,,,verified,2026-09-04,"This is an independent multimodal prostate imaging collection derived from tracked MRI-ultrasound fusion biopsy sessions. The current TCIA version contains 1,151 participants, 2,799 studies, 4,819 series, and 102,397 MR/US DICOM images. Ultrasound is 3D transrectal imaging. The collection also provides target and biopsy spreadsheets, STL prostate/ROI surfaces, biopsy overlay files, and a related DICOM-annotation resource. That external annotation resource is described here rather than placed in family.related because it does not have a four-digit atlas ID."
1002,μ-RegPro,MR to Ultrasound Registration for Prostate Challenge,mu-RegPro,2023,10,Prostate,Prostate,Prostate gland | Prostate anatomical landmarks | Prostate lesions,B-mode | MRI,3D,static,volume,patient=108 | pair=108 | volume=216,segmentation | landmarks | registration,registration | segmentation | landmark_detection,case: training=65 | validation=8 | test=35 [withheld],open,CC BY-NC-SA 4.0,,,,Zenodo,https://zenodo.org/records/8004388,10.5281/zenodo.8004388,1.1.0,primary,,,verified,2026-09-04,"μ-RegPro is an independent UCLH prostate MRI-TRUS registration dataset derived from participants in the SmartTarget Biopsy Clinical Trial and is unrelated to the UCLA/TCIA Prostate-MRI-US-Biopsy acquisition family (1001). Of 141 enrolled men, 108 had transverse ultrasound acquisitions suitable for the challenge and were included. The 108 cases were split into 65 training, 8 validation, and 35 test cases. The challenge homepage is https://muregpro.github.io/. The challenge-description resource has DOI 10.5281/zenodo.7844907, and the separately released 2026 holdout-test resource has DOI 10.5281/zenodo.19414480. These are retained in notes rather than under data.additional_resources because v3 data metadata intentionally supports only repository, url, doi, and version."
1003,Micro-Ultrasound Prostate Segmentation Dataset,Micro-Ultrasound Prostate Segmentation Dataset,MicroSeg dataset,2024,10,Prostate,Prostate,Prostate gland,Micro-ultrasound,3D,static,volume,patient=75 | volume=75,segmentation,segmentation,patient: training=55 | test=20,open,CC BY 4.0,MicroSegNet: A deep learning approach for prostate segmentation on micro-ultrasound images,Computerized Medical Imaging and Graphics,10.1016/j.compmedimag.2024.102326,Zenodo,https://zenodo.org/records/10475293,10.5281/zenodo.10475293,,primary,,,verified,2026-09-04,"This is an independent University of Florida micro-ultrasound acquisition family and is unrelated to the UCLA/TCIA Prostate-MRI-US-Biopsy dataset (1001) or the UCLH μ-RegPro MRI-TRUS registration dataset (1002). The associated MicroSegNet paper trains on 55 patients and evaluates on 20 held-out patients. Later studies commonly process the 3D scans as axial slices, but the atlas records the native public resource at the patient/volume level rather than treating derived slice counts as the primary dataset scale."
1101,Ultrasound Nerve Segmentation,Kaggle Ultrasound Nerve Segmentation Dataset,US Nerve Segmentation | Nerve Segment Dataset,2016,11,Nerve,Peripheral nerve,Brachial plexus,B-mode,2D,static,image,participant=47 | image=11143 | pair=5635,segmentation,segmentation,image: training=5635 [public] | test=5508 [withheld],application,,,,,Kaggle,https://www.kaggle.com/c/ultrasound-nerve-segmentation/data,,,primary,,,verified,2026-09-04,"The Kaggle competition ran from May 19 to August 18, 2016. Images are 2D grayscale ultrasound frames of the neck used to identify the brachial plexus for regional-anesthesia applications. The training set contains 5,635 images from 47 subjects and corresponding binary masks; the test set contains 5,508 unlabeled images from non-overlapping subjects. Kaggle notes that the dataset can contain identical or highly similar frames and that human annotations may include noise or mistakes. No dedicated peer-reviewed dataset paper or dataset DOI was identified. The competition page labels the license as ""Subject to Competition Rules"", so access.license is left null and the rule-acceptance requirement is represented under access.requirements."
1102,UBPD,Ultrasonic Brachial Plexus Dataset,Ultrasound Brachial Plexus Dataset,2022,11,Nerve,Peripheral nerve,Brachial plexus | Muscle | Vein | Artery,B-mode,2D,static,image,participant=101 | image=1052 | pair=1052,segmentation,segmentation,image: training=955 | test=97,application,,MallesNet: A multi-object assistance based network for brachial plexus segmentation in ultrasound images,Medical Image Analysis,10.1016/j.media.2022.102511,Author-hosted UBPD website,https://ubpd.worldwidetracing.com:9443/,,,primary,,,partial,2026-09-04,"UBPD was constructed from 101 patients for multi-structure segmentation in brachial plexus ultrasound. Professional anesthesiologists acquired the ultrasound data and manually annotated the brachial plexus nerve, muscle, vein, and artery using LabelMe. The paper contains an internal inconsistency in dataset size: the abstract, highlights, and contribution summary state 1,055 images, whereas Section 3 states 1,052 images and the reported experimental split contains 955 training plus 97 test images, also totaling 1,052. Therefore, 1,052 is used as the canonical image count. The original author-hosted dataset website was unreachable during verification on 2026-09-04. A current secondary ultrasound-dataset catalog describes the resource as requiring citation and contact with administrators for specific research-use terms; because the original access terms and files could not be independently inspected, the license is left null and verification.status is set to partial."
1103,Regional-US Brachial Plexus,Brachial Plexus and Needle Annotations Data in Ultrasound Videos,Regional-US Brachial Plexus Dataset | Brachial Plexus and Needle Annotations,2022,11,Nerve,Peripheral nerve,Brachial plexus,B-mode,2D,cine,video,participant=227 | video=227 | frame=41000,classification | segmentation | landmarks,classification | segmentation | landmark_detection,,open,,Nerve Block Target Localization and Needle Guidance for Autonomous Robotic Ultrasound Guided Regional Anesthesia,IEEE/RSJ International Conference on Intelligent Robots and Systems (IROS),10.1109/IROS58592.2024.10801467,GitHub,https://github.com/Regional-US/brachial_plexus,,,primary,,,verified,2026-09-04,"This is a multi-device brachial-plexus ultrasound video dataset designed for ultrasound-guided regional-anesthesia research. The public repository was created and the first data were uploaded in December 2022; needle annotation data were added subsequently. The repository contains scanner-specific data from Esaote MyLab One, Sonosite M-Turbo, and Butterfly iQ systems, together with brachial-plexus annotations, active-contour-assisted masks, and a Sonosite needle-annotation subset. Although bounding-box annotation text files are present, the repository explicitly states that individual boxes have no independent meaning and that their union is used to define the nerve-plexus mask; therefore, object detection is not listed as a native dataset task. The authors report 227 subjects, 227 videos, and approximately 41,000 annotated frames. Detailed device-specific counts account for 226 videos and 40,200 frames, while the repository additionally contains one annotated demo video; the exact correspondence of this demo video to the reported total is not explicitly documented. The repository does not provide a machine-readable open-source/data license, but states that the deidentified videos are shared under a non-commercial data use agreement."
1201,Ovarian Ultrasound Image Dataset,Ovarian Ultrasound Image Dataset,Multiclass Ovarian Disorder Dataset,2025,12,Ovary,Ovary,Ovary,B-mode,2D,static,image,image=6879,classification,classification,,open,CC0: Public Domain,,,,Kaggle,https://www.kaggle.com/datasets/ucimachinelearning/ovarian-ultrasound-image-dataset,,,primary,,,partial,2026-09-04,"This Kaggle release contains 6,879 grayscale ovarian ultrasound images for five-class ovarian-condition classification: healthy ovary, dominant follicle, polycystic ovary, simple cyst, and complex cyst. The class counts reported on the data card sum exactly to 6,879 images. No segmentation, detection, landmark, or measurement annotations are documented, so classification is treated as the only native task. Dataset provenance is incompletely documented. The Kaggle page does not report the number of patients, acquisition institution or country, scanner, transducer, acquisition period, official train/validation/test split, or a dedicated dataset publication. The uploader account is named ""UCI Machine Learning"", but its Kaggle profile identifies it as Universal Computing Innovations; therefore, this dataset should not be described as an official UCI Machine Learning Repository resource. The Kaggle data card lists the dataset license as CC0: Public Domain. Verification is consequently marked partial despite the dataset being publicly downloadable."
1202,PCOS Dataset,Figshare Polycystic Ovary Syndrome Ultrasound Dataset,Figshare PCOS Dataset | PCOS Ultrasound Dataset,2024,12,Ovary,Ovary,Ovary,B-mode,2D,static,image,image=12680,classification,classification,,open,CC BY 4.0,,,,Figshare,https://figshare.com/articles/dataset/PCOS_Dataset/27682557,10.6084/m9.figshare.27682557.v1,1,aggregate,,,partial,2026-09-04,"This resource was posted to Figshare on 2024-11-12 by Indirani A and is intended for automated PCOS detection and explainable-AI research. The Figshare metadata explicitly states that the images were sourced from publicly available datasets, so this entry is classified as an aggregate rather than a primary clinical dataset. The primary Figshare record reports 12,680 ultrasound images but does not document the contributing source datasets, patient count, acquisition institutions, scanner information, official train/validation/test split, or class distribution. Later publications using the same Figshare DOI generally describe the data as grayscale ovarian ultrasound images for binary PCOS classification and commonly report 11,784 usable images, comprising 6,784 PCOS and 5,000 non-PCOS images. This discrepancy cannot be fully reconciled from the public metadata, so 12,680 is retained as the canonical repository count and verification.status is set to partial. No dedicated associated dataset publication is listed by Figshare or the NLM Dataset Catalog. Later papers using the resource are therefore treated as downstream studies rather than as the dataset's primary paper."
1203,MMOTU,Multi-Modality Ovarian Tumor Ultrasound Image Dataset,Multi-Modality Ovarian Tumor Ultrasound | OTU_2D + OTU_CEUS,2022,12,Ovary,Ovary,Ovarian tumor,B-mode | Color Doppler | CEUS,2D,static,image,patient=294 | image=1639 | pair=1639,classification | segmentation,classification | segmentation,image: training=1070 | test=569,open,,Unsupervised cross-domain semantic segmentation on multi-modality ovarian tumor ultrasound data,Pattern Recognition,10.1016/j.patcog.2025.112311,Google Drive via official GitHub repository,https://drive.google.com/drive/folders/1c5n0fVKrM9-SZE1kacTXPt1pt844iAs1?usp=sharing,,,primary,,,verified,2026-09-04,"MMOTU is a single-center multi-modality ovarian tumor ultrasound dataset collected at Beijing Shijitan Hospital, Capital Medical University. It contains 1,639 images from 294 patients and consists of the OTU_2D and OTU_CEUS subsets. The GitHub repository was created in July 2022 and the original arXiv description was released in 2022, so 2022 is used as the dataset release year. The work was subsequently published in Pattern Recognition under the revised title ""Unsupervised cross-domain semantic segmentation on multi-modality ovarian tumor ultrasound data."" Pixel-wise semantic annotations and global tumor-category annotations were produced by 27 Obstetrics and Gynecology experts. Each image was annotated by one expert and checked by another, with pathological reports used as reference. The official MMOTU segmentation code uses two classes, ""background"" and ""OvarianTumor"", and binary mask files with the suffix ""_binary.PNG"". Although unsupervised domain adaptation is the principal methodological setting investigated in the associated paper, it is not listed as a native dataset task because it is an experimental learning setting rather than an additional annotation type. The GitHub repository contains an Apache-2.0 LICENSE inherited from MMSegmentation and explicitly copyrighted to the MMSegmentation authors. No separate dataset-specific license was identified for the MMOTU image files, so access.license is conservatively left null."
1204,PCOSGen,PCOSGen Dataset for Automatic Polycystic Ovary Syndrome Classification,Auto-PCOS Dataset,2023,12,Ovary,Ovary,Ovary | Polycystic ovary,Ultrasound,2D,static,image,image=4668,classification,classification,image: training=3200 [public] | test=1468 [public],open,,Auto-PCOS Classification Challenge,Authorea Preprints,10.22541/au.170629258.80995260/v1,Zenodo,https://zenodo.org/records/14592001,10.5281/zenodo.14592001,,aggregate,,,partial,2026-09-04,"PCOSGen was developed for the Auto-PCOS Classification Challenge and aggregates ovarian ultrasound frames collected from multiple internet resources, including YouTube, ultrasoundcases.info, and Kaggle. The dataset therefore does not represent a single prospective or retrospective clinical cohort and is classified as an aggregate dataset. The original PCOSGen-train release appeared on Zenodo in December 2023 under record 10430727. The authors subsequently released an updated training dataset under record 14592001 on January 3, 2025 and explicitly requested that researchers use the updated release rather than previous versions. It contains 3,200 images, with inconsistent resolutions but most images approximately 300 x 300 pixels. PCOSGen-test contains 1,468 images. Test labels were initially withheld during the Auto-PCOS challenge and were later made public. The updated test release is Zenodo record 14591782. Together, the official training and test resources contain 4,668 ultrasound images. The latest Zenodo descriptions provide two levels of classification: a general normal-versus-abnormal label and, for abnormal images, a specific indication of whether a polycystic ovary is visible. No native segmentation, detection, landmark, or measurement annotations are documented. A dataset-specific license could not be unambiguously confirmed from the currently retrievable Zenodo metadata, so access.license is conservatively left null."
1301,OPULM PALA,Open Platform for Ultrasound Localization Microscopy - Performance Assessment of Localization Algorithms,,2020,13,Animal,Microvasculature,Microbubbles | Vascular structures,Ultrafast ultrasound | CEUS,2D,sequence,sequence,acquisition=6,localization | tracking,localization | tracking | reconstruction,,open,CC BY 4.0,Performance benchmarking of microbubble-localization algorithms for ultrasound localization microscopy,Nature Biomedical Engineering,10.1038/s41551-021-00824-8,Zenodo,https://zenodo.org/records/4343435,10.5281/zenodo.4343435,,primary,,1302,verified,2026-09-03,"OPULM PALA contains six benchmark datasets for ultrasound localization microscopy, including simulated and in vivo acquisitions. The resource is designed to assess microbubble localization, trajectory recovery, and vascular reconstruction. Algorithm benchmarking is the evaluation purpose rather than an additional native dataset task. Atlas entry 1302 is related through the same ULM benchmarking work but represents a distinct rat-brain acquisition and public data release, so neither resource is treated as the parent of the other."
1302,In vivo rat brain for Ultrasound Localization Microscopy,In vivo Rat Brain for Ultrasound Localization Microscopy: Raw and Beamformed Data,,2023,13,Animal,Rat brain,Cerebral microvasculature,RF | B-mode | Ultrafast ultrasound,2D,sequence,RF | sequence,file=23 | frame=~200000,,beamforming | reconstruction | signal_analysis,,open,CC BY 4.0,Performance benchmarking of microbubble-localization algorithms for ultrasound localization microscopy,Nature Biomedical Engineering,10.1038/s41551-021-00824-8,Zenodo,https://zenodo.org/records/7883227,10.5281/zenodo.7883227,,primary,,1301,verified,2026-09-03,"This resource contains in vivo rat-brain ultrasound-localization-microscopy acquisitions released as raw RF data and beamformed ultrasound data, together with acquisition metadata. It does not provide a unified semantic disease or anatomical label set. Microbubble localization and tracking are important downstream ULM processing steps, but the reusable native resource is primarily suited to beamforming, reconstruction, and signal-analysis research. It shares the associated benchmarking paper with atlas entry 1301 but is a distinct acquisition and release rather than a subset or derived version of 1301."
1303,Mouse Brain Tumor Ultrasound,High-Resolution Ultrasound Data for AI-Based Segmentation in Mouse Brain Tumor,,2025,13,Animal,Mouse brain,Brain tumor,B-mode,2D,mixed,image | video,image=1856,segmentation,segmentation,,open,CC BY 4.0,High-Resolution Ultrasound Data for AI-Based Segmentation in Mouse Brain Tumor,Scientific Data,10.1038/s41597-025-05619-z,Figshare,https://doi.org/10.6084/m9.figshare.27237894,10.6084/m9.figshare.27237894,,primary,,,verified,2026-09-03,"The dataset contains 1,856 high-resolution mouse-brain ultrasound images, including 1,448 tumor images and 408 no-tumor images. Its native supervision is pixel-wise brain-tumor segmentation. Binary tumor/no-tumor classification is directly derivable from the segmentation annotations and is therefore not duplicated as a separate native task."
1304,Open-3DULM / Transcranial mice brain,3D Transcranial Ultrasound Localization Microscopy in Awake Mice,,2025,13,Animal,Mouse brain,Transcranial cerebral microvasculature,Ultrafast ultrasound,mixed,sequence,sequence,subject=5 | video=370,,reconstruction | signal_analysis,,open,CC BY 4.0,3D Transcranial Ultrasound Localization Microscopy in Awake Mice: Protocol and Open-Source Pipeline,Communications Engineering,10.1038/s44172-025-00415-4,Zenodo,https://zenodo.org/records/14289690,,,primary,,,verified,2026-09-03,"Open-3DULM contains spatiotemporal transcranial ultrasound-localization- microscopy acquisitions from five awake mice and an open processing pipeline. The resource is intended for 3D/4D ULM reconstruction, microvascular analysis, and cerebral blood-flow research. Because no unified semantic or quantitative ground-truth annotation set is documented in the atlas source, microvascular analysis and blood-flow quantification are treated as downstream analyses; the native technical tasks are represented as reconstruction and signal analysis."
1305,Spinal Cord Injury Ultrasound Dataset,Open-source Ultrasound Dataset for Spinal Cord Injury Localization and Anatomical Segmentation,,2025,13,Animal,Porcine spinal cord,Spinal cord | Spinal cord injury,B-mode,2D,mixed,image,image=10223,classification | segmentation | detection,classification | segmentation | detection,,open,,A novel open-source ultrasound dataset with deep learning benchmarks for spinal cord injury localization and anatomical segmentation,Scientific Reports,10.1038/s41598-025-16275-z,GitHub,https://github.com/HEPIUSLAB/ultrasound_spinal_cord_dataset,,,primary,,,verified,2026-09-03,"The dataset contains 10,223 sagittal B-mode porcine spinal-cord ultrasound images, comprising 4,467 pre-injury and 5,756 post-injury images. It provides injury-status labels, anatomical segmentation masks, and injury-localization bounding boxes for 2,245 images. Because the spatial injury annotations are bounding boxes, the native spatial task is encoded as detection rather than duplicated as both localization and detection. A specific reusable dataset license was not confirmed."
1306,ULMShare,ULMShare Ultrasound Localization Microscopy Data Resource,,2026,13,Animal,Mouse microvasculature,Microvascular network,Raw channel data | Ultrafast ultrasound,mixed,sequence,raw_channel | sequence,subject=61 | acquisition=99 | file=unknown,tracking,tracking | reconstruction | signal_analysis,,open,,,,,Federated Research Data Repository (FRDR),https://www.frdr-dfdr.ca/repo/dataset/bc2125d8-65be-494b-95d2-b25fbb7adec1,10.20383/103.01550,,primary,,,verified,2026-09-03,"ULMShare contains 99 ultrasound-localization-microscopy acquisitions from 61 mice and is approximately 30 TB in size. It provides raw channel data, acquisition metadata, and selected ULM reconstructions and microbubble trajectories. Vascular imaging and algorithm benchmarking are downstream research uses rather than separate native tasks. No dedicated peer-reviewed dataset paper or explicit reusable dataset license was verified."
1901,Clinical Ultrasound Image Repository,Clinical Ultrasound Image Repository,,,19,Multi-anatomy,Multiple,Abdomen | Heart | Obstetric and gynecologic anatomy,Ultrasound,2D,mixed,mixed,subject=2000 | study=2000,,pretraining,,open,CC BY-NC 4.0,,,,AWS Registry of Open Data,https://registry.opendata.aws/clinical-ultrasound-image-data/,,,primary,,,verified,2026-09-02,"The repository contains 2,000 clinical ultrasound studies from 2,000 subjects, with approximately one third of the resource assigned to abdominal, cardiac, and obstetric/gynecologic imaging. The data are distributed as clinical DICOM resources with metadata but without a unified manual semantic-label set. Metadata-based anatomy or view studies are possible downstream uses, but no consistent atlas-wide anatomy/view ground truth is encoded as a native task. Because the resource is primarily useful as a broad unlabeled multi-anatomy imaging collection, it is categorized under pretraining. Anonymous S3 access is available, and the resource is managed by the MONAI Development Team."
1902,USenhance 2023,Ultrasound Image Enhancement Challenge 2023,,2023,19,Multi-anatomy,Multiple,Thyroid | Carotid artery | Liver | Kidney | Breast,Ultrasound,2D,static,image,patient=109 | pair=1050 | image=2464,,enhancement,image: training=2100 [public] | test=364 [withheld],open,CC BY-SA,,,,Grand Challenge,https://ultrasoundenhance2023.grand-challenge.org/datasets/,,,primary,,,verified,2026-09-03,"The challenge design proposed 1,500 low/high-quality pairs from 109 patients, with 1,050 training pairs and 450 test pairs. The current public downloads expose the full 1,050 training pairs but only 364 low-quality test inputs, with no public test reference images. The missing 86 proposed test cases correspond to the breast range under the released ID scheme. Public training pairs comprise 202 breast, 286 carotid-artery, 122 kidney, 149 liver, and 291 thyroid pairs. The challenge-design DOI 10.5281/zenodo.7841250 is retained as a verification source rather than encoded as a dataset paper. The proposal states CC BY-SA for data use without specifying a version; its own document record is licensed CC BY-ND 4.0, which applies to the proposal rather than the ultrasound image archive."
1903,Chinese multi-organ ultrasound image-text datasets,"Chinese Breast, Thyroid, and Liver Ultrasound Image-Text Datasets Used for Ultrasound Report Generation",,2024,19,Multi-anatomy,Multiple,Breast | Thyroid | Liver,Ultrasound,2D,static,image,patient=7390 | record=7364 | image=17149,reports,report_generation,record: training=5152 [public] | validation=738 [public] | test=1474 [public],open,,Ultrasound Report Generation With Cross-Modality Feature Alignment via Unsupervised Guidance,IEEE Transactions on Medical Imaging,10.1109/TMI.2024.3424978,Google Drive via author GitHub repository,https://drive.google.com/file/d/1-Fz9J58ntoO8ZoAEKzm3fxm4jvOWrAuz/view?usp=drive_link,,,primary,,,verified,2026-09-03,"The paper reports 7,390 patients rather than 7,390 image-report pairs and does not separately state a report count. The current public archive contains 7,364 JSON records and 17,149 images. Every released record has a non-empty finding field and two image-path entries, although 21 records repeat the same image path rather than naming two distinct images. The manifests reference 14,707 distinct image files, leaving 2,442 released images unreferenced. The public record count is 26 lower than the paper cohort count across the three organs. No dataset-specific license was identified. Unsupervised report clustering, pseudo-label learning, and image-text feature alignment are methodological settings of the associated study rather than additional native annotation tasks."
1904,Ultrasound Normal Kidney Image,Ultrasound Normal Kidney Image Computer Vision Dataset,,2025,19,Multi-anatomy,Abdomen,Kidney | Liver | Spleen,B-mode,2D,static,image,image=1080,segmentation,segmentation,image: training=1080 [public],open,CC BY 4.0,,,,Roboflow Universe,https://universe.roboflow.com/jeevaws/ultrasound-normal-kidney-image,,1,primary,,,partial,2026-09-02,"Roboflow v1 contains 1,080 images, all assigned to the training set, with no preprocessing or augmentation reported. Although the project name emphasizes normal kidney imaging, the released segmentation classes also include liver and spleen; the atlas therefore records this entry under multi-anatomy with Abdomen as the primary anatomy and Kidney, Liver, and Spleen as targets. The label ""Normal-Kidney"" is preserved as a released segmentation class rather than interpreted as a separate anatomical organ. Patient count, acquisition institution, equipment, selection criteria, and source provenance are not documented. During verification, page metadata were available through search indexing, but direct archive access was blocked by Cloudflare; verification is therefore marked partial."
2001,GIST514-DB,GIST514-DB,,2022,20,Other,Gastrointestinal tract,Gastrointestinal stromal tumor | Leiomyoma,B-mode,2D,static,image,case=514 | image=514,classification | detection | segmentation | localization,classification | detection | segmentation | localization,,open,,Query2: Query over Queries for Improving Gastrointestinal Stromal Tumour Detection in an Endoscopic Ultrasound,Computers in Biology and Medicine,10.1016/j.compbiomed.2022.106424,GitHub,https://github.com/WuJunde/Query2,,,primary,,,verified,2026-09-02,"GIST514-DB contains 514 endoscopic-ultrasound images/cases: 263 gastrointestinal stromal tumors and 251 leiomyomas. Native annotations include class labels, lesion bounding boxes, lesion contours/instance annotations, and anatomical-location information. Endoscopic acquisition is recorded in acquisition.note while the underlying imaging mode is normalized to B-mode."
2002,LEPset,LEPset,,2023,20,Other,Pancreas,Pancreatic cancer,B-mode,2D,static,image,patient=420 | image=11500 | image=3500 | image=8000,classification,classification | pretraining,,open,Scientific research only; non-commercial,,,,Zenodo,https://zenodo.org/records/8041285,10.5281/zenodo.8041285,,primary,,,verified,2026-09-02,"LEPset contains 11,500 endoscopic-ultrasound images from 420 patients. The labeled subset contains 3,500 images for pancreatic-cancer versus non-pancreatic-cancer classification, while another 8,000 images are unlabeled. The unlabeled portion is retained as a native pretraining resource rather than encoding self-supervised learning as a separate learning-paradigm task. The Zenodo record is a data resource rather than a dedicated peer-reviewed paper, so paper is set to null."
2003,C-TRUS,C-TRUS,,2024,20,Other,Colon,Colon wall | Ulcerative colitis,B-mode,2D,static,image,patient=13 | image=827,segmentation,segmentation,,open,,C-TRUS: A Novel Dataset and Initial Benchmark for Colon Wall Segmentation in Transabdominal Ultrasound,International Workshop on Advances in Simplifying Medical Ultrasound (ASMUS),10.1007/978-3-031-73647-6_10,GitHub,https://github.com/wwu-mmll/c-trus,,,primary,,,verified,2026-09-02,"C-TRUS contains 827 transabdominal B-mode ultrasound images extracted from sequences of 13 patients and provides pixel-wise colon-wall masks. Bowel-wall localization and thickness/inflammation quantification can be derived from the masks or used as downstream analyses, but no independent localization or measurement ground-truth annotation is encoded here; segmentation is therefore the only native task."
2004,OpticNerveSheaths,Optic Nerve Sheath Transorbital Ultrasound Images,,2023,20,Other,Optic nerve sheath,Optic nerve | Optic nerve sheath,B-mode,2D,static,image,image=464,segmentation | localization | measurements,segmentation | localization | measurement,,open,CC BY 4.0,Development of a Deep Learning-Based System for Optic Nerve Characterization in Transorbital Ultrasound Images on a Multicenter Data Set,Ultrasound in Medicine & Biology,10.1016/j.ultrasmedbio.2023.05.011,Mendeley Data,https://data.mendeley.com/datasets/kw8gvp8m8x/2,10.17632/kw8gvp8m8x.2,2,primary,,,verified,2026-09-03,"The current Mendeley release contains 464 transorbital B-mode ultrasound images with multi-annotator optic-nerve/optic-nerve-sheath region and diameter-related annotations. The release year is 2023, and the atlas points to the current Mendeley Data version 2."
2005,Ultrasound Elastography Dataset for Unsupervised Training,Ultrasound Elastography Dataset for Unsupervised Training,,2022,20,Other,Tissue-mimicking breast phantom,Hard inclusions | Elastic tissue deformation,RF | Elastography,2D,sequence,RF,pair=2200,,pretraining | signal_analysis,,open,,Semi-supervised Training of Optical Flow Convolutional Neural Networks in Ultrasound Elastography,Medical Image Computing and Computer Assisted Intervention - MICCAI 2020,10.1007/978-3-030-59716-0_48,"IMPACT Laboratory, Concordia University",https://users.encs.concordia.ca/~impact/ultrasound-elastography-dataset-for-unsupervised-training/,,,primary,,,partial,2026-09-03,"This is a 2022 public release of 2,200 paired RF acquisitions from a tissue-mimicking breast phantom. Pair relationships are available, but ground-truth displacement maps, strain maps, segmentation masks, and diagnostic labels are not. Consequently, displacement estimation and optical-flow estimation are downstream unsupervised modeling objectives rather than supervised native annotations. The atlas therefore represents the reusable resource as pretraining and signal-analysis data. Separate in-vivo liver-cancer evaluation data described in associated papers are not established as part of this public release and are excluded. The official page does not state a dataset license or exact reusable train/validation/test counts. The current Dropbox shared-folder archive is about 35.8 GB and was not fully downloaded during verification, so verification is marked partial."
2006,Regensburg Pediatric Appendicitis Dataset,Regensburg Pediatric Appendicitis Dataset,,2023,20,Other,Pediatric abdomen,Appendix | Right lower quadrant | Intestines | Lymph nodes | Reproductive organs,B-mode,2D,static,image,record=782 | image=2097 | patient=579,classification,classification,,open,CC BY-NC 4.0,Interpretable and intervenable ultrasonography-based machine learning models for pediatric appendicitis,Medical Image Analysis,10.1016/j.media.2023.103042,Zenodo,https://zenodo.org/records/7711412,10.5281/zenodo.7711412,1.03,primary,,,verified,2026-09-03,"The public release and the paper represent different stages of the cohort. The spreadsheet contains 782 rows, 760 of which have a non-empty US_Number, while the image archive contains 2,097 files under 707 numeric filename prefixes. Only 579 prefixes link to the current spreadsheet; those matched prefixes contain 1,727 raw images, whereas the paper reports a 579-patient, 1,709-image analysis subset after additional exclusions. These counts are therefore recorded separately rather than merged into a single misleading dataset size. The release contains patient-level diagnosis, management, severity, clinical/laboratory variables, and expert-recorded ultrasonographic findings, but no pixel-level masks or bounding boxes. Multiview learning, image-and-tabular multimodal learning, and concept-bottleneck learning are methodological settings of the associated work rather than additional native dataset tasks."
2007,Dermatologic Ultrasound Images for classification,Dermatologic Ultrasound Images for Classification,Dermatologic Ultrasound Images,2022,20,Other,Skin,Skin lesion | Skin tumor,B-mode | Color Doppler,2D,static,image,case=202 | pair=202 | image=404,classification,classification,,open,,Discriminative deep learning based benignity/malignancy diagnosis of dermatologic ultrasound skin lesions with pretrained artificial intelligence architecture,Skin Research and Technology,10.1111/srt.13086,Kaggle,https://www.kaggle.com/datasets/alfageme/dermatologic-ultrasound-images,,,primary,,,partial,2026-09-07,"This resource is not currently represented elsewhere in the atlas and is suitable for inclusion as a primary medical-ultrasound dataset. The public Kaggle version contains 202 skin-lesion instances, each intended to include paired B-mode and Color Doppler images plus a binary benign/malignant label, a specific diagnosis field (Dx), and transducer-frequency metadata. The associated 2022 paper describes a larger institutional study cohort: 235 histologically confirmed skin-lesion images were used for model development and an additional 35 images for external testing. These paper counts should not be substituted for the 202-instance public Kaggle release. A 2026 study that re-used the Kaggle resource reported several data-quality issues: B-mode/Doppler filenames were inverted for records 57, 59, and 90; filename-format corrections were needed for several other records; and records 6, 62, 74, and 121 contained two Doppler images instead of a proper B-mode/Doppler pair. These issues do not invalidate the dataset but should be considered during preprocessing. A 2025 review of publicly disseminated ultrasound resources independently lists this dataset as an open-access skin-ultrasound dataset with 202 cases. No dataset-specific reusable license could be independently confirmed from the currently retrievable Kaggle metadata, so access.license is left null."
